2026-05-01 10:12:57,995 - RealEstateAI - INFO - logging_utils - log_info - Function 'load_data': Loading data from E:\Jupyter Notebook\IIT Delhi AI Projects\Machine Learning\House Price Prediction\Bengaluru_House_Data.csv
2026-05-01 10:12:58,045 - RealEstateAI - INFO - logging_utils - log_info - Function 'load_data': Data loaded successfully. Shape: (13320, 9)
2026-05-01 10:12:58,049 - RealEstateAI - INFO - logging_utils - log_info - Function 'preprocess': Starting complete preprocessing pipeline
2026-05-01 10:12:58,049 - RealEstateAI - INFO - logging_utils - log_info - Function 'clean_column_names': Cleaning column names
2026-05-01 10:12:58,050 - RealEstateAI - INFO - logging_utils - log_info - Function 'clean_column_names': Column names cleaned
2026-05-01 10:12:58,050 - RealEstateAI - INFO - logging_utils - log_info - Function 'handle_missing_values': Starting missing value handling
2026-05-01 10:12:58,066 - RealEstateAI - INFO - logging_utils - log_info - Function 'handle_missing_values': Missing values reduced from 6201 to 16
2026-05-01 10:12:58,066 - RealEstateAI - INFO - logging_utils - log_info - Function 'handle_duplicates': Checking for duplicates
2026-05-01 10:12:58,099 - RealEstateAI - INFO - logging_utils - log_info - Function 'handle_duplicates': Removed 530 duplicate rows
2026-05-01 10:12:58,099 - RealEstateAI - INFO - logging_utils - log_info - Function 'clean_square_footage': Starting square footage cleaning
2026-05-01 10:12:58,117 - RealEstateAI - INFO - logging_utils - log_info - Function 'clean_square_footage': Square footage cleaned. Rows remaining: 12784
2026-05-01 10:12:58,117 - RealEstateAI - INFO - logging_utils - log_info - Function 'extract_bhk': Extracting BHK values
2026-05-01 10:12:58,153 - RealEstateAI - INFO - logging_utils - log_info - Function 'extract_bhk': BHK extracted. BHK distribution: {2.0: 5244, 3.0: 4655, 4.0: 1398, 1.0: 636, 5.0: 349, 6.0: 220, 7.0: 99, 8.0: 88, 9.0: 53, 10.0: 14, 11.0: 4, 27.0: 1, 19.0: 1, 16.0: 1, 43.0: 1, 14.0: 1, 12.0: 1, 13.0: 1, 18.0: 1}
2026-05-01 10:12:58,153 - RealEstateAI - INFO - logging_utils - log_info - Function 'calculate_price_per_sqft': Calculating price per sqft
2026-05-01 10:12:58,154 - RealEstateAI - INFO - logging_utils - log_info - Function 'calculate_price_per_sqft': Price per sqft calculated. Range: 2.26 - 12000000.00
2026-05-01 10:12:58,156 - RealEstateAI - INFO - logging_utils - log_info - Function 'calculate_total_rooms': Calculating total rooms
2026-05-01 10:12:58,157 - RealEstateAI - INFO - logging_utils - log_info - Function 'calculate_total_rooms': Total rooms calculated. Range: 2 - 83
2026-05-01 10:12:58,157 - RealEstateAI - INFO - logging_utils - log_info - Function 'detect_outliers': Detecting outliers using iqr method
2026-05-01 10:12:58,172 - RealEstateAI - INFO - logging_utils - log_info - Function 'detect_outliers': Removed 2181 outliers. Rows remaining: 10587
2026-05-01 10:12:58,172 - RealEstateAI - INFO - logging_utils - log_info - Function 'preprocess': Preprocessing complete. Rows: 13320 -> 10587
2026-05-01 10:12:58,172 - RealEstateAI - INFO - logging_utils - log_info - Function 'create_all_features': Starting complete feature engineering
2026-05-01 10:12:58,172 - RealEstateAI - INFO - logging_utils - log_info - Function 'create_price_per_sqft_feature': Creating price per sqft feature
2026-05-01 10:12:58,172 - RealEstateAI - INFO - logging_utils - log_info - Function 'create_bhk_category': Creating BHK category feature
2026-05-01 10:12:58,184 - RealEstateAI - INFO - logging_utils - log_info - Function 'create_total_rooms': Creating total rooms feature
2026-05-01 10:12:58,187 - RealEstateAI - INFO - logging_utils - log_info - Function 'create_luxury_indicators': Creating luxury indicators
2026-05-01 10:12:58,189 - RealEstateAI - INFO - logging_utils - log_info - Function 'create_area_density_features': Creating area density features
2026-05-01 10:12:58,222 - RealEstateAI - INFO - logging_utils - log_info - Function 'create_locality_frequency_encoding': Creating frequency encoding
2026-05-01 10:12:58,235 - RealEstateAI - INFO - logging_utils - log_info - Function 'create_locality_popularity': Creating popularity score
2026-05-01 10:12:58,252 - RealEstateAI - INFO - logging_utils - log_info - Function 'create_property_segmentation': Creating property segmentation
2026-05-01 10:12:58,256 - RealEstateAI - INFO - logging_utils - log_info - Function 'create_premium_area_classification': Creating premium area classification
2026-05-01 10:12:58,270 - RealEstateAI - INFO - logging_utils - log_info - Function 'create_affordability_metrics': Creating affordability metrics
2026-05-01 10:12:58,274 - RealEstateAI - INFO - logging_utils - log_info - Function 'create_investment_score': Creating investment score
2026-05-01 10:12:58,296 - RealEstateAI - INFO - logging_utils - log_info - Function 'create_time_features': Creating time features
2026-05-01 10:12:58,319 - RealEstateAI - INFO - logging_utils - log_info - Function 'create_interaction_features': Creating interaction features
2026-05-01 10:12:58,321 - RealEstateAI - INFO - logging_utils - log_info - Function 'get_feature_importance': Calculating feature importance
2026-05-01 10:12:58,347 - RealEstateAI - INFO - logging_utils - log_info - Function 'detect_all_anomalies': Starting complete anomaly detection
2026-05-01 10:12:58,347 - RealEstateAI - INFO - logging_utils - log_info - Function 'detect_anomalies_isolation_forest': Starting Isolation Forest anomaly detection
2026-05-01 10:12:58,658 - RealEstateAI - INFO - logging_utils - log_info - Function 'detect_anomalies_isolation_forest': Found 530 anomalies (5.01%)
2026-05-01 10:12:58,658 - RealEstateAI - INFO - logging_utils - log_info - Function 'detect_anomalies_lof': Starting LOF anomaly detection
2026-05-01 10:12:58,812 - RealEstateAI - INFO - logging_utils - log_info - Function 'detect_anomalies_lof': Found 530 anomalies (5.01%)
2026-05-01 10:12:58,814 - RealEstateAI - INFO - logging_utils - log_info - Function 'detect_overpriced_properties': Detecting overpriced properties
2026-05-01 10:13:00,093 - RealEstateAI - INFO - logging_utils - log_info - Function 'detect_overpriced_properties': Found 259 overpriced properties
2026-05-01 10:13:00,093 - RealEstateAI - INFO - logging_utils - log_info - Function 'detect_underpriced_properties': Detecting underpriced properties
2026-05-01 10:13:01,376 - RealEstateAI - INFO - logging_utils - log_info - Function 'detect_underpriced_properties': Found 58 underpriced properties
2026-05-01 10:13:01,376 - RealEstateAI - INFO - logging_utils - log_info - Function 'detect_suspicious_listings': Detecting suspicious listings
2026-05-01 10:13:01,392 - RealEstateAI - INFO - logging_utils - log_info - Function 'detect_suspicious_listings': Found 268 suspicious listings
2026-05-01 10:13:01,392 - RealEstateAI - INFO - logging_utils - log_info - Function 'detect_anomalies_statistical': Starting statistical anomaly detection
2026-05-01 10:13:01,401 - RealEstateAI - INFO - logging_utils - log_info - Function 'detect_all_anomalies': Combined: 1466 anomalies (13.85%)
2026-05-01 10:13:01,401 - RealEstateAI - INFO - logging_utils - log_info - Function 'get_anomaly_summary': Generating anomaly summary
2026-05-01 10:13:01,405 - RealEstateAI - INFO - logging_utils - log_info - Function 'calculate_investment_score': Starting investment score calculation
2026-05-01 10:13:01,434 - RealEstateAI - INFO - logging_utils - log_info - Function 'calculate_investment_score': Investment scores calculated. Range: 0.289 - 0.874
2026-05-01 10:13:01,436 - RealEstateAI - INFO - logging_utils - log_info - Function 'create_composite_score': Creating composite score
2026-05-01 10:13:01,436 - RealEstateAI - WARNING - logging_utils - log_warning - Function 'create_composite_score': Missing column: investment_score
2026-05-01 10:13:01,436 - RealEstateAI - WARNING - logging_utils - log_warning - Function 'create_composite_score': Missing column: popularity_score
2026-05-01 10:13:01,436 - RealEstateAI - WARNING - logging_utils - log_warning - Function 'create_composite_score': Missing column: appreciation_score
2026-05-01 10:13:01,436 - RealEstateAI - WARNING - logging_utils - log_warning - Function 'create_composite_score': Missing column: affordability_index
2026-05-01 10:13:01,436 - RealEstateAI - WARNING - logging_utils - log_warning - Function 'create_composite_score': Missing column: risk_score
2026-05-01 10:13:01,447 - RealEstateAI - INFO - logging_utils - log_info - Function 'create_composite_score': Composite scores calculated. Range: 0.500 - 0.500
2026-05-01 10:13:01,453 - RealEstateAI - INFO - logging_utils - log_info - Function 'create_area_recommendations': Creating area recommendations
2026-05-01 10:13:01,464 - RealEstateAI - INFO - logging_utils - log_info - Function 'create_area_recommendations': Top investment areas: [' Anekal', 'Narayana Nagar 1st Block', 'Near ullas theater', 'Near International Airport', 'Ncpr Industrial Layout']
2026-05-01 10:13:01,464 - RealEstateAI - INFO - logging_utils - log_info - Function 'get_investment_summary': Generating investment summary
2026-05-01 10:13:01,469 - RealEstateAI - INFO - logging_utils - log_info - Function 'prepare_data': Preparing data for training
2026-05-01 10:13:01,482 - RealEstateAI - INFO - logging_utils - log_info - Function 'prepare_data': Data prepared. Train size: 8469, Test size: 2118
2026-05-01 10:13:01,483 - RealEstateAI - INFO - logging_utils - log_info - Function 'train_all_models': Starting model training pipeline
2026-05-01 10:13:01,483 - RealEstateAI - INFO - logging_utils - log_info - Function 'train_linear_regression': Training Linear Regression
2026-05-01 10:13:01,495 - RealEstateAI - INFO - logging_utils - log_info - Function 'train_random_forest': Training Random Forest
2026-05-01 10:13:14,699 - RealEstateAI - INFO - logging_utils - log_info - Function 'train_random_forest': Best parameters: {'n_estimators': 30, 'min_samples_split': 10, 'min_samples_leaf': 1, 'max_features': 1.0, 'max_depth': 20}
2026-05-01 10:13:14,699 - RealEstateAI - INFO - logging_utils - log_info - Function 'train_xgboost': Training XGBoost
2026-05-01 10:13:18,061 - RealEstateAI - INFO - logging_utils - log_info - Function 'train_xgboost': Best parameters: {'subsample': 1.0, 'reg_lambda': 1.1, 'reg_alpha': 1, 'n_estimators': 30, 'max_depth': 7, 'learning_rate': 0.1, 'gamma': 0, 'colsample_bytree': 0.8}
2026-05-01 10:13:18,062 - RealEstateAI - INFO - logging_utils - log_info - Function 'train_lightgbm': Training LightGBM
2026-05-01 10:13:21,520 - RealEstateAI - INFO - logging_utils - log_info - Function 'train_lightgbm': Best parameters: {'subsample': 0.9, 'reg_lambda': 1, 'reg_alpha': 1, 'num_leaves': 31, 'n_estimators': 40, 'max_depth': -1, 'learning_rate': 0.1, 'colsample_bytree': 0.9}
2026-05-01 10:13:21,520 - RealEstateAI - INFO - logging_utils - log_info - Function 'train_catboost': Training CatBoost
2026-05-01 10:13:28,483 - RealEstateAI - INFO - logging_utils - log_info - Function 'train_catboost': Best parameters: {'learning_rate': 0.2, 'l2_leaf_reg': 3, 'iterations': 40, 'depth': 8, 'border_count': 128, 'bagging_temperature': 0.5}
2026-05-01 10:13:28,483 - RealEstateAI - INFO - logging_utils - log_info - Function 'evaluate_model': Evaluating Linear Regression
2026-05-01 10:13:28,547 - RealEstateAI - INFO - logging_utils - log_info - Function 'evaluate_model': Linear Regression - R2: 0.6849, MAE: 15.9193, RMSE: 22.0512
2026-05-01 10:13:28,547 - RealEstateAI - INFO - logging_utils - log_info - Function 'get_feature_importance': Getting feature importance for Linear Regression
2026-05-01 10:13:28,547 - RealEstateAI - INFO - logging_utils - log_info - Function 'evaluate_model': Evaluating Random Forest
2026-05-01 10:13:29,936 - RealEstateAI - INFO - logging_utils - log_info - Function 'evaluate_model': Random Forest - R2: 0.7479, MAE: 13.0697, RMSE: 19.7228
2026-05-01 10:13:29,936 - RealEstateAI - INFO - logging_utils - log_info - Function 'get_feature_importance': Getting feature importance for Random Forest
2026-05-01 10:13:29,964 - RealEstateAI - INFO - logging_utils - log_info - Function 'evaluate_model': Evaluating XGBoost
2026-05-01 10:13:30,346 - RealEstateAI - INFO - logging_utils - log_info - Function 'evaluate_model': XGBoost - R2: 0.7375, MAE: 13.8670, RMSE: 20.1259
2026-05-01 10:13:30,348 - RealEstateAI - INFO - logging_utils - log_info - Function 'get_feature_importance': Getting feature importance for XGBoost
2026-05-01 10:13:30,348 - RealEstateAI - INFO - logging_utils - log_info - Function 'evaluate_model': Evaluating LightGBM
2026-05-01 10:13:30,647 - RealEstateAI - INFO - logging_utils - log_info - Function 'evaluate_model': LightGBM - R2: 0.7395, MAE: 13.9907, RMSE: 20.0514
2026-05-01 10:13:30,647 - RealEstateAI - INFO - logging_utils - log_info - Function 'get_feature_importance': Getting feature importance for LightGBM
2026-05-01 10:13:30,647 - RealEstateAI - INFO - logging_utils - log_info - Function 'evaluate_model': Evaluating CatBoost
2026-05-01 10:13:31,527 - RealEstateAI - INFO - logging_utils - log_info - Function 'evaluate_model': CatBoost - R2: 0.7377, MAE: 14.0656, RMSE: 20.1206
2026-05-01 10:13:31,530 - RealEstateAI - INFO - logging_utils - log_info - Function 'get_feature_importance': Getting feature importance for CatBoost
2026-05-01 10:13:31,530 - RealEstateAI - INFO - logging_utils - log_info - Function 'train_all_models': Best model: Random Forest with R2: 0.7479
2026-05-01 10:13:31,530 - RealEstateAI - INFO - logging_utils - log_info - Function 'get_model_summary': Generating model summary
2026-05-01 10:13:31,534 - RealEstateAI - INFO - logging_utils - log_info - Function 'save_preprocessor': Preprocessor saved to E:\Jupyter Notebook\IIT Delhi AI Projects\Machine Learning\House Price Prediction\models\preprocessor.pkl
2026-05-01 10:13:31,543 - RealEstateAI - INFO - logging_utils - log_info - Function 'save_model': Anomaly detection model saved to E:\Jupyter Notebook\IIT Delhi AI Projects\Machine Learning\House Price Prediction\models\anomaly_detector.pkl
2026-05-01 10:13:31,548 - RealEstateAI - INFO - logging_utils - log_info - Function 'save_model': Investment scorer saved to E:\Jupyter Notebook\IIT Delhi AI Projects\Machine Learning\House Price Prediction\models\investment_scorer.pkl
2026-05-01 10:13:31,552 - RealEstateAI - INFO - logging_utils - log_info - Function 'save_model': Best model saved to E:\Jupyter Notebook\IIT Delhi AI Projects\Machine Learning\House Price Prediction\models\best_model.pkl
2026-05-01 10:13:31,553 - RealEstateAI - INFO - logging_utils - log_info - Function 'save_model': Preprocessor saved to E:\Jupyter Notebook\IIT Delhi AI Projects\Machine Learning\House Price Prediction\models\preprocessor.pkl
2026-05-01 10:13:31,941 - RealEstateAI - INFO - logging_utils - log_info - Function 'create_price_heatmap': Creating price heatmap
2026-05-01 10:13:32,951 - RealEstateAI - INFO - logging_utils - log_info - Function 'create_investment_heatmap': Creating investment heatmap
2026-05-01 10:13:33,894 - RealEstateAI - INFO - logging_utils - log_info - Function 'create_price_concentration_map': Creating price concentration map
2026-05-01 10:14:33,298 - RealEstateAI - INFO - logging_utils - log_info - Function 'load_data': Loading data from E:\Jupyter Notebook\IIT Delhi AI Projects\Machine Learning\House Price Prediction\Bengaluru_House_Data.csv
2026-05-01 10:14:33,404 - RealEstateAI - INFO - logging_utils - log_info - Function 'load_data': Data loaded successfully. Shape: (13320, 9)
2026-05-01 10:14:33,406 - RealEstateAI - INFO - logging_utils - log_info - Function 'preprocess': Starting complete preprocessing pipeline
2026-05-01 10:14:33,406 - RealEstateAI - INFO - logging_utils - log_info - Function 'clean_column_names': Cleaning column names
2026-05-01 10:14:33,407 - RealEstateAI - INFO - logging_utils - log_info - Function 'clean_column_names': Column names cleaned
2026-05-01 10:14:33,407 - RealEstateAI - INFO - logging_utils - log_info - Function 'handle_missing_values': Starting missing value handling
2026-05-01 10:14:33,417 - RealEstateAI - INFO - logging_utils - log_info - Function 'handle_missing_values': Missing values reduced from 6201 to 16
2026-05-01 10:14:33,417 - RealEstateAI - INFO - logging_utils - log_info - Function 'handle_duplicates': Checking for duplicates
2026-05-01 10:14:33,452 - RealEstateAI - INFO - logging_utils - log_info - Function 'handle_duplicates': Removed 530 duplicate rows
2026-05-01 10:14:33,453 - RealEstateAI - INFO - logging_utils - log_info - Function 'clean_square_footage': Starting square footage cleaning
2026-05-01 10:14:33,471 - RealEstateAI - INFO - logging_utils - log_info - Function 'clean_square_footage': Square footage cleaned. Rows remaining: 12784
2026-05-01 10:14:33,471 - RealEstateAI - INFO - logging_utils - log_info - Function 'extract_bhk': Extracting BHK values
2026-05-01 10:14:33,496 - RealEstateAI - INFO - logging_utils - log_info - Function 'extract_bhk': BHK extracted. BHK distribution: {2.0: 5244, 3.0: 4655, 4.0: 1398, 1.0: 636, 5.0: 349, 6.0: 220, 7.0: 99, 8.0: 88, 9.0: 53, 10.0: 14, 11.0: 4, 27.0: 1, 19.0: 1, 16.0: 1, 43.0: 1, 14.0: 1, 12.0: 1, 13.0: 1, 18.0: 1}
2026-05-01 10:14:33,512 - RealEstateAI - INFO - logging_utils - log_info - Function 'calculate_price_per_sqft': Calculating price per sqft
2026-05-01 10:14:33,517 - RealEstateAI - INFO - logging_utils - log_info - Function 'calculate_price_per_sqft': Price per sqft calculated. Range: 2.26 - 12000000.00
2026-05-01 10:14:33,517 - RealEstateAI - INFO - logging_utils - log_info - Function 'calculate_total_rooms': Calculating total rooms
2026-05-01 10:14:33,519 - RealEstateAI - INFO - logging_utils - log_info - Function 'calculate_total_rooms': Total rooms calculated. Range: 2 - 83
2026-05-01 10:14:33,519 - RealEstateAI - INFO - logging_utils - log_info - Function 'detect_outliers': Detecting outliers using iqr method
2026-05-01 10:14:33,533 - RealEstateAI - INFO - logging_utils - log_info - Function 'detect_outliers': Removed 2181 outliers. Rows remaining: 10587
2026-05-01 10:14:33,533 - RealEstateAI - INFO - logging_utils - log_info - Function 'preprocess': Preprocessing complete. Rows: 13320 -> 10587
2026-05-01 10:14:33,533 - RealEstateAI - INFO - logging_utils - log_info - Function 'create_all_features': Starting complete feature engineering
2026-05-01 10:14:33,533 - RealEstateAI - INFO - logging_utils - log_info - Function 'create_price_per_sqft_feature': Creating price per sqft feature
2026-05-01 10:14:33,540 - RealEstateAI - INFO - logging_utils - log_info - Function 'create_bhk_category': Creating BHK category feature
2026-05-01 10:14:33,546 - RealEstateAI - INFO - logging_utils - log_info - Function 'create_total_rooms': Creating total rooms feature
2026-05-01 10:14:33,552 - RealEstateAI - INFO - logging_utils - log_info - Function 'create_luxury_indicators': Creating luxury indicators
2026-05-01 10:14:33,552 - RealEstateAI - INFO - logging_utils - log_info - Function 'create_area_density_features': Creating area density features
2026-05-01 10:14:33,581 - RealEstateAI - INFO - logging_utils - log_info - Function 'create_locality_frequency_encoding': Creating frequency encoding
2026-05-01 10:14:33,587 - RealEstateAI - INFO - logging_utils - log_info - Function 'create_locality_popularity': Creating popularity score
2026-05-01 10:14:33,599 - RealEstateAI - INFO - logging_utils - log_info - Function 'create_property_segmentation': Creating property segmentation
2026-05-01 10:14:33,607 - RealEstateAI - INFO - logging_utils - log_info - Function 'create_premium_area_classification': Creating premium area classification
2026-05-01 10:14:33,616 - RealEstateAI - INFO - logging_utils - log_info - Function 'create_affordability_metrics': Creating affordability metrics
2026-05-01 10:14:33,620 - RealEstateAI - INFO - logging_utils - log_info - Function 'create_investment_score': Creating investment score
2026-05-01 10:14:33,639 - RealEstateAI - INFO - logging_utils - log_info - Function 'create_time_features': Creating time features
2026-05-01 10:14:33,661 - RealEstateAI - INFO - logging_utils - log_info - Function 'create_interaction_features': Creating interaction features
2026-05-01 10:14:33,665 - RealEstateAI - INFO - logging_utils - log_info - Function 'detect_all_anomalies': Starting complete anomaly detection
2026-05-01 10:14:33,665 - RealEstateAI - INFO - logging_utils - log_info - Function 'detect_anomalies_isolation_forest': Starting Isolation Forest anomaly detection
2026-05-01 10:14:33,976 - RealEstateAI - INFO - logging_utils - log_info - Function 'detect_anomalies_isolation_forest': Found 530 anomalies (5.01%)
2026-05-01 10:14:33,976 - RealEstateAI - INFO - logging_utils - log_info - Function 'detect_anomalies_lof': Starting LOF anomaly detection
2026-05-01 10:14:34,131 - RealEstateAI - INFO - logging_utils - log_info - Function 'detect_anomalies_lof': Found 530 anomalies (5.01%)
2026-05-01 10:14:34,131 - RealEstateAI - INFO - logging_utils - log_info - Function 'detect_overpriced_properties': Detecting overpriced properties
2026-05-01 10:14:35,470 - RealEstateAI - INFO - logging_utils - log_info - Function 'detect_overpriced_properties': Found 259 overpriced properties
2026-05-01 10:14:35,470 - RealEstateAI - INFO - logging_utils - log_info - Function 'detect_underpriced_properties': Detecting underpriced properties
2026-05-01 10:14:36,812 - RealEstateAI - INFO - logging_utils - log_info - Function 'detect_underpriced_properties': Found 58 underpriced properties
2026-05-01 10:14:36,812 - RealEstateAI - INFO - logging_utils - log_info - Function 'detect_suspicious_listings': Detecting suspicious listings
2026-05-01 10:14:36,817 - RealEstateAI - INFO - logging_utils - log_info - Function 'detect_suspicious_listings': Found 268 suspicious listings
2026-05-01 10:14:36,817 - RealEstateAI - INFO - logging_utils - log_info - Function 'detect_anomalies_statistical': Starting statistical anomaly detection
2026-05-01 10:14:36,834 - RealEstateAI - INFO - logging_utils - log_info - Function 'detect_all_anomalies': Combined: 1466 anomalies (13.85%)
2026-05-01 10:14:36,839 - RealEstateAI - INFO - logging_utils - log_info - Function 'calculate_investment_score': Starting investment score calculation
2026-05-01 10:14:36,862 - RealEstateAI - INFO - logging_utils - log_info - Function 'calculate_investment_score': Investment scores calculated. Range: 0.289 - 0.874
2026-05-01 10:14:36,870 - RealEstateAI - INFO - logging_utils - log_info - Function 'create_composite_score': Creating composite score
2026-05-01 10:14:36,870 - RealEstateAI - WARNING - logging_utils - log_warning - Function 'create_composite_score': Missing column: investment_score
2026-05-01 10:14:36,870 - RealEstateAI - WARNING - logging_utils - log_warning - Function 'create_composite_score': Missing column: popularity_score
2026-05-01 10:14:36,870 - RealEstateAI - WARNING - logging_utils - log_warning - Function 'create_composite_score': Missing column: appreciation_score
2026-05-01 10:14:36,870 - RealEstateAI - WARNING - logging_utils - log_warning - Function 'create_composite_score': Missing column: affordability_index
2026-05-01 10:14:36,873 - RealEstateAI - WARNING - logging_utils - log_warning - Function 'create_composite_score': Missing column: risk_score
2026-05-01 10:14:36,883 - RealEstateAI - INFO - logging_utils - log_info - Function 'create_composite_score': Composite scores calculated. Range: 0.500 - 0.500
2026-05-01 10:14:39,153 - RealEstateAI - INFO - logging_utils - log_info - Function 'create_price_distribution_plot': Creating price distribution plot
2026-05-01 10:15:22,973 - RealEstateAI - INFO - logging_utils - log_info - Function 'load_data': Loading data from E:\Jupyter Notebook\IIT Delhi AI Projects\Machine Learning\House Price Prediction\Bengaluru_House_Data.csv
2026-05-01 10:15:23,021 - RealEstateAI - INFO - logging_utils - log_info - Function 'load_data': Data loaded successfully. Shape: (13320, 9)
2026-05-01 10:15:23,022 - RealEstateAI - INFO - logging_utils - log_info - Function 'preprocess': Starting complete preprocessing pipeline
2026-05-01 10:15:23,022 - RealEstateAI - INFO - logging_utils - log_info - Function 'clean_column_names': Cleaning column names
2026-05-01 10:15:23,023 - RealEstateAI - INFO - logging_utils - log_info - Function 'clean_column_names': Column names cleaned
2026-05-01 10:15:23,023 - RealEstateAI - INFO - logging_utils - log_info - Function 'handle_missing_values': Starting missing value handling
2026-05-01 10:15:23,038 - RealEstateAI - INFO - logging_utils - log_info - Function 'handle_missing_values': Missing values reduced from 6201 to 16
2026-05-01 10:15:23,038 - RealEstateAI - INFO - logging_utils - log_info - Function 'handle_duplicates': Checking for duplicates
2026-05-01 10:15:23,055 - RealEstateAI - INFO - logging_utils - log_info - Function 'handle_duplicates': Removed 530 duplicate rows
2026-05-01 10:15:23,055 - RealEstateAI - INFO - logging_utils - log_info - Function 'clean_square_footage': Starting square footage cleaning
2026-05-01 10:15:23,064 - RealEstateAI - INFO - logging_utils - log_info - Function 'clean_square_footage': Square footage cleaned. Rows remaining: 12784
2026-05-01 10:15:23,064 - RealEstateAI - INFO - logging_utils - log_info - Function 'extract_bhk': Extracting BHK values
2026-05-01 10:15:23,081 - RealEstateAI - INFO - logging_utils - log_info - Function 'extract_bhk': BHK extracted. BHK distribution: {2.0: 5244, 3.0: 4655, 4.0: 1398, 1.0: 636, 5.0: 349, 6.0: 220, 7.0: 99, 8.0: 88, 9.0: 53, 10.0: 14, 11.0: 4, 27.0: 1, 19.0: 1, 16.0: 1, 43.0: 1, 14.0: 1, 12.0: 1, 13.0: 1, 18.0: 1}
2026-05-01 10:15:23,081 - RealEstateAI - INFO - logging_utils - log_info - Function 'calculate_price_per_sqft': Calculating price per sqft
2026-05-01 10:15:23,081 - RealEstateAI - INFO - logging_utils - log_info - Function 'calculate_price_per_sqft': Price per sqft calculated. Range: 2.26 - 12000000.00
2026-05-01 10:15:23,081 - RealEstateAI - INFO - logging_utils - log_info - Function 'calculate_total_rooms': Calculating total rooms
2026-05-01 10:15:23,094 - RealEstateAI - INFO - logging_utils - log_info - Function 'calculate_total_rooms': Total rooms calculated. Range: 2 - 83
2026-05-01 10:15:23,094 - RealEstateAI - INFO - logging_utils - log_info - Function 'detect_outliers': Detecting outliers using iqr method
2026-05-01 10:15:23,102 - RealEstateAI - INFO - logging_utils - log_info - Function 'detect_outliers': Removed 2181 outliers. Rows remaining: 10587
2026-05-01 10:15:23,102 - RealEstateAI - INFO - logging_utils - log_info - Function 'preprocess': Preprocessing complete. Rows: 13320 -> 10587
2026-05-01 10:15:23,102 - RealEstateAI - INFO - logging_utils - log_info - Function 'create_all_features': Starting complete feature engineering
2026-05-01 10:15:23,102 - RealEstateAI - INFO - logging_utils - log_info - Function 'create_price_per_sqft_feature': Creating price per sqft feature
2026-05-01 10:15:23,102 - RealEstateAI - INFO - logging_utils - log_info - Function 'create_bhk_category': Creating BHK category feature
2026-05-01 10:15:23,106 - RealEstateAI - INFO - logging_utils - log_info - Function 'create_total_rooms': Creating total rooms feature
2026-05-01 10:15:23,113 - RealEstateAI - INFO - logging_utils - log_info - Function 'create_luxury_indicators': Creating luxury indicators
2026-05-01 10:15:23,117 - RealEstateAI - INFO - logging_utils - log_info - Function 'create_area_density_features': Creating area density features
2026-05-01 10:15:23,132 - RealEstateAI - INFO - logging_utils - log_info - Function 'create_locality_frequency_encoding': Creating frequency encoding
2026-05-01 10:15:23,132 - RealEstateAI - INFO - logging_utils - log_info - Function 'create_locality_popularity': Creating popularity score
2026-05-01 10:15:23,146 - RealEstateAI - INFO - logging_utils - log_info - Function 'create_property_segmentation': Creating property segmentation
2026-05-01 10:15:23,146 - RealEstateAI - INFO - logging_utils - log_info - Function 'create_premium_area_classification': Creating premium area classification
2026-05-01 10:15:23,161 - RealEstateAI - INFO - logging_utils - log_info - Function 'create_affordability_metrics': Creating affordability metrics
2026-05-01 10:15:23,166 - RealEstateAI - INFO - logging_utils - log_info - Function 'create_investment_score': Creating investment score
2026-05-01 10:15:23,186 - RealEstateAI - INFO - logging_utils - log_info - Function 'create_time_features': Creating time features
2026-05-01 10:15:23,197 - RealEstateAI - INFO - logging_utils - log_info - Function 'create_interaction_features': Creating interaction features
2026-05-01 10:15:23,207 - RealEstateAI - INFO - logging_utils - log_info - Function 'detect_all_anomalies': Starting complete anomaly detection
2026-05-01 10:15:23,209 - RealEstateAI - INFO - logging_utils - log_info - Function 'detect_anomalies_isolation_forest': Starting Isolation Forest anomaly detection
2026-05-01 10:15:23,542 - RealEstateAI - INFO - logging_utils - log_info - Function 'detect_anomalies_isolation_forest': Found 530 anomalies (5.01%)
2026-05-01 10:15:23,542 - RealEstateAI - INFO - logging_utils - log_info - Function 'detect_anomalies_lof': Starting LOF anomaly detection
2026-05-01 10:15:23,679 - RealEstateAI - INFO - logging_utils - log_info - Function 'detect_anomalies_lof': Found 530 anomalies (5.01%)
2026-05-01 10:15:23,679 - RealEstateAI - INFO - logging_utils - log_info - Function 'detect_overpriced_properties': Detecting overpriced properties
2026-05-01 10:15:25,109 - RealEstateAI - INFO - logging_utils - log_info - Function 'detect_overpriced_properties': Found 259 overpriced properties
2026-05-01 10:15:25,110 - RealEstateAI - INFO - logging_utils - log_info - Function 'detect_underpriced_properties': Detecting underpriced properties
2026-05-01 10:15:26,445 - RealEstateAI - INFO - logging_utils - log_info - Function 'detect_underpriced_properties': Found 58 underpriced properties
2026-05-01 10:15:26,445 - RealEstateAI - INFO - logging_utils - log_info - Function 'detect_suspicious_listings': Detecting suspicious listings
2026-05-01 10:15:26,462 - RealEstateAI - INFO - logging_utils - log_info - Function 'detect_suspicious_listings': Found 268 suspicious listings
2026-05-01 10:15:26,464 - RealEstateAI - INFO - logging_utils - log_info - Function 'detect_anomalies_statistical': Starting statistical anomaly detection
2026-05-01 10:15:26,472 - RealEstateAI - INFO - logging_utils - log_info - Function 'detect_all_anomalies': Combined: 1466 anomalies (13.85%)
2026-05-01 10:15:26,473 - RealEstateAI - INFO - logging_utils - log_info - Function 'calculate_investment_score': Starting investment score calculation
2026-05-01 10:15:26,503 - RealEstateAI - INFO - logging_utils - log_info - Function 'calculate_investment_score': Investment scores calculated. Range: 0.289 - 0.874
2026-05-01 10:15:26,506 - RealEstateAI - INFO - logging_utils - log_info - Function 'create_composite_score': Creating composite score
2026-05-01 10:15:26,506 - RealEstateAI - WARNING - logging_utils - log_warning - Function 'create_composite_score': Missing column: investment_score
2026-05-01 10:15:26,506 - RealEstateAI - WARNING - logging_utils - log_warning - Function 'create_composite_score': Missing column: popularity_score
2026-05-01 10:15:26,506 - RealEstateAI - WARNING - logging_utils - log_warning - Function 'create_composite_score': Missing column: appreciation_score
2026-05-01 10:15:26,509 - RealEstateAI - WARNING - logging_utils - log_warning - Function 'create_composite_score': Missing column: affordability_index
2026-05-01 10:15:26,510 - RealEstateAI - WARNING - logging_utils - log_warning - Function 'create_composite_score': Missing column: risk_score
2026-05-01 10:15:26,519 - RealEstateAI - INFO - logging_utils - log_info - Function 'create_composite_score': Composite scores calculated. Range: 0.500 - 0.500
2026-05-01 10:15:32,819 - RealEstateAI - INFO - logging_utils - log_info - Function 'load_data': Loading data from E:\Jupyter Notebook\IIT Delhi AI Projects\Machine Learning\House Price Prediction\Bengaluru_House_Data.csv
2026-05-01 10:15:32,855 - RealEstateAI - INFO - logging_utils - log_info - Function 'load_data': Data loaded successfully. Shape: (13320, 9)
2026-05-01 10:15:32,857 - RealEstateAI - INFO - logging_utils - log_info - Function 'preprocess': Starting complete preprocessing pipeline
2026-05-01 10:15:32,857 - RealEstateAI - INFO - logging_utils - log_info - Function 'clean_column_names': Cleaning column names
2026-05-01 10:15:32,861 - RealEstateAI - INFO - logging_utils - log_info - Function 'clean_column_names': Column names cleaned
2026-05-01 10:15:32,861 - RealEstateAI - INFO - logging_utils - log_info - Function 'handle_missing_values': Starting missing value handling
2026-05-01 10:15:32,864 - RealEstateAI - INFO - logging_utils - log_info - Function 'handle_missing_values': Missing values reduced from 6201 to 16
2026-05-01 10:15:32,864 - RealEstateAI - INFO - logging_utils - log_info - Function 'handle_duplicates': Checking for duplicates
2026-05-01 10:15:32,889 - RealEstateAI - INFO - logging_utils - log_info - Function 'handle_duplicates': Removed 530 duplicate rows
2026-05-01 10:15:32,890 - RealEstateAI - INFO - logging_utils - log_info - Function 'clean_square_footage': Starting square footage cleaning
2026-05-01 10:15:32,903 - RealEstateAI - INFO - logging_utils - log_info - Function 'clean_square_footage': Square footage cleaned. Rows remaining: 12784
2026-05-01 10:15:32,903 - RealEstateAI - INFO - logging_utils - log_info - Function 'extract_bhk': Extracting BHK values
2026-05-01 10:15:32,914 - RealEstateAI - INFO - logging_utils - log_info - Function 'extract_bhk': BHK extracted. BHK distribution: {2.0: 5244, 3.0: 4655, 4.0: 1398, 1.0: 636, 5.0: 349, 6.0: 220, 7.0: 99, 8.0: 88, 9.0: 53, 10.0: 14, 11.0: 4, 27.0: 1, 19.0: 1, 16.0: 1, 43.0: 1, 14.0: 1, 12.0: 1, 13.0: 1, 18.0: 1}
2026-05-01 10:15:32,926 - RealEstateAI - INFO - logging_utils - log_info - Function 'calculate_price_per_sqft': Calculating price per sqft
2026-05-01 10:15:32,930 - RealEstateAI - INFO - logging_utils - log_info - Function 'calculate_price_per_sqft': Price per sqft calculated. Range: 2.26 - 12000000.00
2026-05-01 10:15:32,930 - RealEstateAI - INFO - logging_utils - log_info - Function 'calculate_total_rooms': Calculating total rooms
2026-05-01 10:15:32,932 - RealEstateAI - INFO - logging_utils - log_info - Function 'calculate_total_rooms': Total rooms calculated. Range: 2 - 83
2026-05-01 10:15:32,932 - RealEstateAI - INFO - logging_utils - log_info - Function 'detect_outliers': Detecting outliers using iqr method
2026-05-01 10:15:32,933 - RealEstateAI - INFO - logging_utils - log_info - Function 'detect_outliers': Removed 2181 outliers. Rows remaining: 10587
2026-05-01 10:15:32,933 - RealEstateAI - INFO - logging_utils - log_info - Function 'preprocess': Preprocessing complete. Rows: 13320 -> 10587
2026-05-01 10:15:32,933 - RealEstateAI - INFO - logging_utils - log_info - Function 'create_all_features': Starting complete feature engineering
2026-05-01 10:15:32,933 - RealEstateAI - INFO - logging_utils - log_info - Function 'create_price_per_sqft_feature': Creating price per sqft feature
2026-05-01 10:15:32,933 - RealEstateAI - INFO - logging_utils - log_info - Function 'create_bhk_category': Creating BHK category feature
2026-05-01 10:15:32,947 - RealEstateAI - INFO - logging_utils - log_info - Function 'create_total_rooms': Creating total rooms feature
2026-05-01 10:15:32,947 - RealEstateAI - INFO - logging_utils - log_info - Function 'create_luxury_indicators': Creating luxury indicators
2026-05-01 10:15:32,947 - RealEstateAI - INFO - logging_utils - log_info - Function 'create_area_density_features': Creating area density features
2026-05-01 10:15:32,967 - RealEstateAI - INFO - logging_utils - log_info - Function 'create_locality_frequency_encoding': Creating frequency encoding
2026-05-01 10:15:32,970 - RealEstateAI - INFO - logging_utils - log_info - Function 'create_locality_popularity': Creating popularity score
2026-05-01 10:15:32,979 - RealEstateAI - INFO - logging_utils - log_info - Function 'create_property_segmentation': Creating property segmentation
2026-05-01 10:15:32,987 - RealEstateAI - INFO - logging_utils - log_info - Function 'create_premium_area_classification': Creating premium area classification
2026-05-01 10:15:32,996 - RealEstateAI - INFO - logging_utils - log_info - Function 'create_affordability_metrics': Creating affordability metrics
2026-05-01 10:15:33,006 - RealEstateAI - INFO - logging_utils - log_info - Function 'create_investment_score': Creating investment score
2026-05-01 10:15:33,053 - RealEstateAI - INFO - logging_utils - log_info - Function 'create_time_features': Creating time features
2026-05-01 10:15:33,104 - RealEstateAI - INFO - logging_utils - log_info - Function 'create_interaction_features': Creating interaction features
2026-05-01 10:15:33,112 - RealEstateAI - INFO - logging_utils - log_info - Function 'detect_all_anomalies': Starting complete anomaly detection
2026-05-01 10:15:33,114 - RealEstateAI - INFO - logging_utils - log_info - Function 'detect_anomalies_isolation_forest': Starting Isolation Forest anomaly detection
2026-05-01 10:15:33,435 - RealEstateAI - INFO - logging_utils - log_info - Function 'detect_anomalies_isolation_forest': Found 530 anomalies (5.01%)
2026-05-01 10:15:33,435 - RealEstateAI - INFO - logging_utils - log_info - Function 'detect_anomalies_lof': Starting LOF anomaly detection
2026-05-01 10:15:33,601 - RealEstateAI - INFO - logging_utils - log_info - Function 'detect_anomalies_lof': Found 530 anomalies (5.01%)
2026-05-01 10:15:33,601 - RealEstateAI - INFO - logging_utils - log_info - Function 'detect_overpriced_properties': Detecting overpriced properties
2026-05-01 10:15:34,991 - RealEstateAI - INFO - logging_utils - log_info - Function 'detect_overpriced_properties': Found 259 overpriced properties
2026-05-01 10:15:34,992 - RealEstateAI - INFO - logging_utils - log_info - Function 'detect_underpriced_properties': Detecting underpriced properties
2026-05-01 10:15:36,343 - RealEstateAI - INFO - logging_utils - log_info - Function 'detect_underpriced_properties': Found 58 underpriced properties
2026-05-01 10:15:36,344 - RealEstateAI - INFO - logging_utils - log_info - Function 'detect_suspicious_listings': Detecting suspicious listings
2026-05-01 10:15:36,352 - RealEstateAI - INFO - logging_utils - log_info - Function 'detect_suspicious_listings': Found 268 suspicious listings
2026-05-01 10:15:36,353 - RealEstateAI - INFO - logging_utils - log_info - Function 'detect_anomalies_statistical': Starting statistical anomaly detection
2026-05-01 10:15:36,367 - RealEstateAI - INFO - logging_utils - log_info - Function 'detect_all_anomalies': Combined: 1466 anomalies (13.85%)
2026-05-01 10:15:36,369 - RealEstateAI - INFO - logging_utils - log_info - Function 'calculate_investment_score': Starting investment score calculation
2026-05-01 10:15:36,397 - RealEstateAI - INFO - logging_utils - log_info - Function 'calculate_investment_score': Investment scores calculated. Range: 0.289 - 0.874
2026-05-01 10:15:36,401 - RealEstateAI - INFO - logging_utils - log_info - Function 'create_composite_score': Creating composite score
2026-05-01 10:15:36,401 - RealEstateAI - WARNING - logging_utils - log_warning - Function 'create_composite_score': Missing column: investment_score
2026-05-01 10:15:36,401 - RealEstateAI - WARNING - logging_utils - log_warning - Function 'create_composite_score': Missing column: popularity_score
2026-05-01 10:15:36,401 - RealEstateAI - WARNING - logging_utils - log_warning - Function 'create_composite_score': Missing column: appreciation_score
2026-05-01 10:15:36,401 - RealEstateAI - WARNING - logging_utils - log_warning - Function 'create_composite_score': Missing column: affordability_index
2026-05-01 10:15:36,404 - RealEstateAI - WARNING - logging_utils - log_warning - Function 'create_composite_score': Missing column: risk_score
2026-05-01 10:15:36,413 - RealEstateAI - INFO - logging_utils - log_info - Function 'create_composite_score': Composite scores calculated. Range: 0.500 - 0.500
2026-05-01 10:15:49,925 - RealEstateAI - INFO - logging_utils - log_info - Function 'load_data': Loading data from E:\Jupyter Notebook\IIT Delhi AI Projects\Machine Learning\House Price Prediction\Bengaluru_House_Data.csv
2026-05-01 10:15:49,969 - RealEstateAI - INFO - logging_utils - log_info - Function 'load_data': Data loaded successfully. Shape: (13320, 9)
2026-05-01 10:15:49,969 - RealEstateAI - INFO - logging_utils - log_info - Function 'preprocess': Starting complete preprocessing pipeline
2026-05-01 10:15:49,969 - RealEstateAI - INFO - logging_utils - log_info - Function 'clean_column_names': Cleaning column names
2026-05-01 10:15:49,969 - RealEstateAI - INFO - logging_utils - log_info - Function 'clean_column_names': Column names cleaned
2026-05-01 10:15:49,969 - RealEstateAI - INFO - logging_utils - log_info - Function 'handle_missing_values': Starting missing value handling
2026-05-01 10:15:49,981 - RealEstateAI - INFO - logging_utils - log_info - Function 'handle_missing_values': Missing values reduced from 6201 to 16
2026-05-01 10:15:49,981 - RealEstateAI - INFO - logging_utils - log_info - Function 'handle_duplicates': Checking for duplicates
2026-05-01 10:15:49,998 - RealEstateAI - INFO - logging_utils - log_info - Function 'handle_duplicates': Removed 530 duplicate rows
2026-05-01 10:15:49,999 - RealEstateAI - INFO - logging_utils - log_info - Function 'clean_square_footage': Starting square footage cleaning
2026-05-01 10:15:50,011 - RealEstateAI - INFO - logging_utils - log_info - Function 'clean_square_footage': Square footage cleaned. Rows remaining: 12784
2026-05-01 10:15:50,011 - RealEstateAI - INFO - logging_utils - log_info - Function 'extract_bhk': Extracting BHK values
2026-05-01 10:15:50,033 - RealEstateAI - INFO - logging_utils - log_info - Function 'extract_bhk': BHK extracted. BHK distribution: {2.0: 5244, 3.0: 4655, 4.0: 1398, 1.0: 636, 5.0: 349, 6.0: 220, 7.0: 99, 8.0: 88, 9.0: 53, 10.0: 14, 11.0: 4, 27.0: 1, 19.0: 1, 16.0: 1, 43.0: 1, 14.0: 1, 12.0: 1, 13.0: 1, 18.0: 1}
2026-05-01 10:15:50,033 - RealEstateAI - INFO - logging_utils - log_info - Function 'calculate_price_per_sqft': Calculating price per sqft
2026-05-01 10:15:50,033 - RealEstateAI - INFO - logging_utils - log_info - Function 'calculate_price_per_sqft': Price per sqft calculated. Range: 2.26 - 12000000.00
2026-05-01 10:15:50,033 - RealEstateAI - INFO - logging_utils - log_info - Function 'calculate_total_rooms': Calculating total rooms
2026-05-01 10:15:50,033 - RealEstateAI - INFO - logging_utils - log_info - Function 'calculate_total_rooms': Total rooms calculated. Range: 2 - 83
2026-05-01 10:15:50,033 - RealEstateAI - INFO - logging_utils - log_info - Function 'detect_outliers': Detecting outliers using iqr method
2026-05-01 10:15:50,047 - RealEstateAI - INFO - logging_utils - log_info - Function 'detect_outliers': Removed 2181 outliers. Rows remaining: 10587
2026-05-01 10:15:50,047 - RealEstateAI - INFO - logging_utils - log_info - Function 'preprocess': Preprocessing complete. Rows: 13320 -> 10587
2026-05-01 10:15:50,047 - RealEstateAI - INFO - logging_utils - log_info - Function 'create_all_features': Starting complete feature engineering
2026-05-01 10:15:50,047 - RealEstateAI - INFO - logging_utils - log_info - Function 'create_price_per_sqft_feature': Creating price per sqft feature
2026-05-01 10:15:50,047 - RealEstateAI - INFO - logging_utils - log_info - Function 'create_bhk_category': Creating BHK category feature
2026-05-01 10:15:50,054 - RealEstateAI - INFO - logging_utils - log_info - Function 'create_total_rooms': Creating total rooms feature
2026-05-01 10:15:50,058 - RealEstateAI - INFO - logging_utils - log_info - Function 'create_luxury_indicators': Creating luxury indicators
2026-05-01 10:15:50,062 - RealEstateAI - INFO - logging_utils - log_info - Function 'create_area_density_features': Creating area density features
2026-05-01 10:15:50,074 - RealEstateAI - INFO - logging_utils - log_info - Function 'create_locality_frequency_encoding': Creating frequency encoding
2026-05-01 10:15:50,079 - RealEstateAI - INFO - logging_utils - log_info - Function 'create_locality_popularity': Creating popularity score
2026-05-01 10:15:50,085 - RealEstateAI - INFO - logging_utils - log_info - Function 'create_property_segmentation': Creating property segmentation
2026-05-01 10:15:50,095 - RealEstateAI - INFO - logging_utils - log_info - Function 'create_premium_area_classification': Creating premium area classification
2026-05-01 10:15:50,105 - RealEstateAI - INFO - logging_utils - log_info - Function 'create_affordability_metrics': Creating affordability metrics
2026-05-01 10:15:50,109 - RealEstateAI - INFO - logging_utils - log_info - Function 'create_investment_score': Creating investment score
2026-05-01 10:15:50,129 - RealEstateAI - INFO - logging_utils - log_info - Function 'create_time_features': Creating time features
2026-05-01 10:15:50,148 - RealEstateAI - INFO - logging_utils - log_info - Function 'create_interaction_features': Creating interaction features
2026-05-01 10:15:50,154 - RealEstateAI - INFO - logging_utils - log_info - Function 'detect_all_anomalies': Starting complete anomaly detection
2026-05-01 10:15:50,154 - RealEstateAI - INFO - logging_utils - log_info - Function 'detect_anomalies_isolation_forest': Starting Isolation Forest anomaly detection
2026-05-01 10:15:50,465 - RealEstateAI - INFO - logging_utils - log_info - Function 'detect_anomalies_isolation_forest': Found 530 anomalies (5.01%)
2026-05-01 10:15:50,465 - RealEstateAI - INFO - logging_utils - log_info - Function 'detect_anomalies_lof': Starting LOF anomaly detection
2026-05-01 10:15:50,630 - RealEstateAI - INFO - logging_utils - log_info - Function 'detect_anomalies_lof': Found 530 anomalies (5.01%)
2026-05-01 10:15:50,630 - RealEstateAI - INFO - logging_utils - log_info - Function 'detect_overpriced_properties': Detecting overpriced properties
2026-05-01 10:15:52,103 - RealEstateAI - INFO - logging_utils - log_info - Function 'detect_overpriced_properties': Found 259 overpriced properties
2026-05-01 10:15:52,105 - RealEstateAI - INFO - logging_utils - log_info - Function 'detect_underpriced_properties': Detecting underpriced properties
2026-05-01 10:15:53,817 - RealEstateAI - INFO - logging_utils - log_info - Function 'detect_underpriced_properties': Found 58 underpriced properties
2026-05-01 10:15:53,817 - RealEstateAI - INFO - logging_utils - log_info - Function 'detect_suspicious_listings': Detecting suspicious listings
2026-05-01 10:15:53,833 - RealEstateAI - INFO - logging_utils - log_info - Function 'detect_suspicious_listings': Found 268 suspicious listings
2026-05-01 10:15:53,835 - RealEstateAI - INFO - logging_utils - log_info - Function 'detect_anomalies_statistical': Starting statistical anomaly detection
2026-05-01 10:15:53,854 - RealEstateAI - INFO - logging_utils - log_info - Function 'detect_all_anomalies': Combined: 1466 anomalies (13.85%)
2026-05-01 10:15:53,858 - RealEstateAI - INFO - logging_utils - log_info - Function 'calculate_investment_score': Starting investment score calculation
2026-05-01 10:15:53,905 - RealEstateAI - INFO - logging_utils - log_info - Function 'calculate_investment_score': Investment scores calculated. Range: 0.289 - 0.874
2026-05-01 10:15:53,908 - RealEstateAI - INFO - logging_utils - log_info - Function 'create_composite_score': Creating composite score
2026-05-01 10:15:53,908 - RealEstateAI - WARNING - logging_utils - log_warning - Function 'create_composite_score': Missing column: investment_score
2026-05-01 10:15:53,913 - RealEstateAI - WARNING - logging_utils - log_warning - Function 'create_composite_score': Missing column: popularity_score
2026-05-01 10:15:53,915 - RealEstateAI - WARNING - logging_utils - log_warning - Function 'create_composite_score': Missing column: appreciation_score
2026-05-01 10:15:53,915 - RealEstateAI - WARNING - logging_utils - log_warning - Function 'create_composite_score': Missing column: affordability_index
2026-05-01 10:15:53,915 - RealEstateAI - WARNING - logging_utils - log_warning - Function 'create_composite_score': Missing column: risk_score
2026-05-01 10:15:53,918 - RealEstateAI - INFO - logging_utils - log_info - Function 'create_composite_score': Composite scores calculated. Range: 0.500 - 0.500
2026-05-01 10:16:00,241 - RealEstateAI - INFO - logging_utils - log_info - Function 'load_data': Loading data from E:\Jupyter Notebook\IIT Delhi AI Projects\Machine Learning\House Price Prediction\Bengaluru_House_Data.csv
2026-05-01 10:16:00,285 - RealEstateAI - INFO - logging_utils - log_info - Function 'load_data': Data loaded successfully. Shape: (13320, 9)
2026-05-01 10:16:00,285 - RealEstateAI - INFO - logging_utils - log_info - Function 'preprocess': Starting complete preprocessing pipeline
2026-05-01 10:16:00,285 - RealEstateAI - INFO - logging_utils - log_info - Function 'clean_column_names': Cleaning column names
2026-05-01 10:16:00,287 - RealEstateAI - INFO - logging_utils - log_info - Function 'clean_column_names': Column names cleaned
2026-05-01 10:16:00,287 - RealEstateAI - INFO - logging_utils - log_info - Function 'handle_missing_values': Starting missing value handling
2026-05-01 10:16:00,299 - RealEstateAI - INFO - logging_utils - log_info - Function 'handle_missing_values': Missing values reduced from 6201 to 16
2026-05-01 10:16:00,299 - RealEstateAI - INFO - logging_utils - log_info - Function 'handle_duplicates': Checking for duplicates
2026-05-01 10:16:00,319 - RealEstateAI - INFO - logging_utils - log_info - Function 'handle_duplicates': Removed 530 duplicate rows
2026-05-01 10:16:00,320 - RealEstateAI - INFO - logging_utils - log_info - Function 'clean_square_footage': Starting square footage cleaning
2026-05-01 10:16:00,333 - RealEstateAI - INFO - logging_utils - log_info - Function 'clean_square_footage': Square footage cleaned. Rows remaining: 12784
2026-05-01 10:16:00,333 - RealEstateAI - INFO - logging_utils - log_info - Function 'extract_bhk': Extracting BHK values
2026-05-01 10:16:00,347 - RealEstateAI - INFO - logging_utils - log_info - Function 'extract_bhk': BHK extracted. BHK distribution: {2.0: 5244, 3.0: 4655, 4.0: 1398, 1.0: 636, 5.0: 349, 6.0: 220, 7.0: 99, 8.0: 88, 9.0: 53, 10.0: 14, 11.0: 4, 27.0: 1, 19.0: 1, 16.0: 1, 43.0: 1, 14.0: 1, 12.0: 1, 13.0: 1, 18.0: 1}
2026-05-01 10:16:00,347 - RealEstateAI - INFO - logging_utils - log_info - Function 'calculate_price_per_sqft': Calculating price per sqft
2026-05-01 10:16:00,357 - RealEstateAI - INFO - logging_utils - log_info - Function 'calculate_price_per_sqft': Price per sqft calculated. Range: 2.26 - 12000000.00
2026-05-01 10:16:00,357 - RealEstateAI - INFO - logging_utils - log_info - Function 'calculate_total_rooms': Calculating total rooms
2026-05-01 10:16:00,357 - RealEstateAI - INFO - logging_utils - log_info - Function 'calculate_total_rooms': Total rooms calculated. Range: 2 - 83
2026-05-01 10:16:00,357 - RealEstateAI - INFO - logging_utils - log_info - Function 'detect_outliers': Detecting outliers using iqr method
2026-05-01 10:16:00,367 - RealEstateAI - INFO - logging_utils - log_info - Function 'detect_outliers': Removed 2181 outliers. Rows remaining: 10587
2026-05-01 10:16:00,367 - RealEstateAI - INFO - logging_utils - log_info - Function 'preprocess': Preprocessing complete. Rows: 13320 -> 10587
2026-05-01 10:16:00,367 - RealEstateAI - INFO - logging_utils - log_info - Function 'create_all_features': Starting complete feature engineering
2026-05-01 10:16:00,367 - RealEstateAI - INFO - logging_utils - log_info - Function 'create_price_per_sqft_feature': Creating price per sqft feature
2026-05-01 10:16:00,370 - RealEstateAI - INFO - logging_utils - log_info - Function 'create_bhk_category': Creating BHK category feature
2026-05-01 10:16:00,373 - RealEstateAI - INFO - logging_utils - log_info - Function 'create_total_rooms': Creating total rooms feature
2026-05-01 10:16:00,379 - RealEstateAI - INFO - logging_utils - log_info - Function 'create_luxury_indicators': Creating luxury indicators
2026-05-01 10:16:00,382 - RealEstateAI - INFO - logging_utils - log_info - Function 'create_area_density_features': Creating area density features
2026-05-01 10:16:00,397 - RealEstateAI - INFO - logging_utils - log_info - Function 'create_locality_frequency_encoding': Creating frequency encoding
2026-05-01 10:16:00,404 - RealEstateAI - INFO - logging_utils - log_info - Function 'create_locality_popularity': Creating popularity score
2026-05-01 10:16:00,414 - RealEstateAI - INFO - logging_utils - log_info - Function 'create_property_segmentation': Creating property segmentation
2026-05-01 10:16:00,420 - RealEstateAI - INFO - logging_utils - log_info - Function 'create_premium_area_classification': Creating premium area classification
2026-05-01 10:16:00,428 - RealEstateAI - INFO - logging_utils - log_info - Function 'create_affordability_metrics': Creating affordability metrics
2026-05-01 10:16:00,431 - RealEstateAI - INFO - logging_utils - log_info - Function 'create_investment_score': Creating investment score
2026-05-01 10:16:00,449 - RealEstateAI - INFO - logging_utils - log_info - Function 'create_time_features': Creating time features
2026-05-01 10:16:00,465 - RealEstateAI - INFO - logging_utils - log_info - Function 'create_interaction_features': Creating interaction features
2026-05-01 10:16:00,476 - RealEstateAI - INFO - logging_utils - log_info - Function 'detect_all_anomalies': Starting complete anomaly detection
2026-05-01 10:16:00,477 - RealEstateAI - INFO - logging_utils - log_info - Function 'detect_anomalies_isolation_forest': Starting Isolation Forest anomaly detection
2026-05-01 10:16:00,793 - RealEstateAI - INFO - logging_utils - log_info - Function 'detect_anomalies_isolation_forest': Found 530 anomalies (5.01%)
2026-05-01 10:16:00,793 - RealEstateAI - INFO - logging_utils - log_info - Function 'detect_anomalies_lof': Starting LOF anomaly detection
2026-05-01 10:16:00,947 - RealEstateAI - INFO - logging_utils - log_info - Function 'detect_anomalies_lof': Found 530 anomalies (5.01%)
2026-05-01 10:16:00,947 - RealEstateAI - INFO - logging_utils - log_info - Function 'detect_overpriced_properties': Detecting overpriced properties
2026-05-01 10:16:02,385 - RealEstateAI - INFO - logging_utils - log_info - Function 'detect_overpriced_properties': Found 259 overpriced properties
2026-05-01 10:16:02,385 - RealEstateAI - INFO - logging_utils - log_info - Function 'detect_underpriced_properties': Detecting underpriced properties
2026-05-01 10:16:03,816 - RealEstateAI - INFO - logging_utils - log_info - Function 'detect_underpriced_properties': Found 58 underpriced properties
2026-05-01 10:16:03,816 - RealEstateAI - INFO - logging_utils - log_info - Function 'detect_suspicious_listings': Detecting suspicious listings
2026-05-01 10:16:03,827 - RealEstateAI - INFO - logging_utils - log_info - Function 'detect_suspicious_listings': Found 268 suspicious listings
2026-05-01 10:16:03,829 - RealEstateAI - INFO - logging_utils - log_info - Function 'detect_anomalies_statistical': Starting statistical anomaly detection
2026-05-01 10:16:03,836 - RealEstateAI - INFO - logging_utils - log_info - Function 'detect_all_anomalies': Combined: 1466 anomalies (13.85%)
2026-05-01 10:16:03,844 - RealEstateAI - INFO - logging_utils - log_info - Function 'calculate_investment_score': Starting investment score calculation
2026-05-01 10:16:03,881 - RealEstateAI - INFO - logging_utils - log_info - Function 'calculate_investment_score': Investment scores calculated. Range: 0.289 - 0.874
2026-05-01 10:16:03,883 - RealEstateAI - INFO - logging_utils - log_info - Function 'create_composite_score': Creating composite score
2026-05-01 10:16:03,884 - RealEstateAI - WARNING - logging_utils - log_warning - Function 'create_composite_score': Missing column: investment_score
2026-05-01 10:16:03,884 - RealEstateAI - WARNING - logging_utils - log_warning - Function 'create_composite_score': Missing column: popularity_score
2026-05-01 10:16:03,885 - RealEstateAI - WARNING - logging_utils - log_warning - Function 'create_composite_score': Missing column: appreciation_score
2026-05-01 10:16:03,885 - RealEstateAI - WARNING - logging_utils - log_warning - Function 'create_composite_score': Missing column: affordability_index
2026-05-01 10:16:03,887 - RealEstateAI - WARNING - logging_utils - log_warning - Function 'create_composite_score': Missing column: risk_score
2026-05-01 10:16:03,897 - RealEstateAI - INFO - logging_utils - log_info - Function 'create_composite_score': Composite scores calculated. Range: 0.500 - 0.500
2026-05-01 10:16:07,203 - RealEstateAI - INFO - logging_utils - log_info - Function 'load_data': Loading data from E:\Jupyter Notebook\IIT Delhi AI Projects\Machine Learning\House Price Prediction\Bengaluru_House_Data.csv
2026-05-01 10:16:07,248 - RealEstateAI - INFO - logging_utils - log_info - Function 'load_data': Data loaded successfully. Shape: (13320, 9)
2026-05-01 10:16:07,248 - RealEstateAI - INFO - logging_utils - log_info - Function 'preprocess': Starting complete preprocessing pipeline
2026-05-01 10:16:07,248 - RealEstateAI - INFO - logging_utils - log_info - Function 'clean_column_names': Cleaning column names
2026-05-01 10:16:07,248 - RealEstateAI - INFO - logging_utils - log_info - Function 'clean_column_names': Column names cleaned
2026-05-01 10:16:07,248 - RealEstateAI - INFO - logging_utils - log_info - Function 'handle_missing_values': Starting missing value handling
2026-05-01 10:16:07,253 - RealEstateAI - INFO - logging_utils - log_info - Function 'handle_missing_values': Missing values reduced from 6201 to 16
2026-05-01 10:16:07,253 - RealEstateAI - INFO - logging_utils - log_info - Function 'handle_duplicates': Checking for duplicates
2026-05-01 10:16:07,273 - RealEstateAI - INFO - logging_utils - log_info - Function 'handle_duplicates': Removed 530 duplicate rows
2026-05-01 10:16:07,274 - RealEstateAI - INFO - logging_utils - log_info - Function 'clean_square_footage': Starting square footage cleaning
2026-05-01 10:16:07,286 - RealEstateAI - INFO - logging_utils - log_info - Function 'clean_square_footage': Square footage cleaned. Rows remaining: 12784
2026-05-01 10:16:07,286 - RealEstateAI - INFO - logging_utils - log_info - Function 'extract_bhk': Extracting BHK values
2026-05-01 10:16:07,297 - RealEstateAI - INFO - logging_utils - log_info - Function 'extract_bhk': BHK extracted. BHK distribution: {2.0: 5244, 3.0: 4655, 4.0: 1398, 1.0: 636, 5.0: 349, 6.0: 220, 7.0: 99, 8.0: 88, 9.0: 53, 10.0: 14, 11.0: 4, 27.0: 1, 19.0: 1, 16.0: 1, 43.0: 1, 14.0: 1, 12.0: 1, 13.0: 1, 18.0: 1}
2026-05-01 10:16:07,309 - RealEstateAI - INFO - logging_utils - log_info - Function 'calculate_price_per_sqft': Calculating price per sqft
2026-05-01 10:16:07,311 - RealEstateAI - INFO - logging_utils - log_info - Function 'calculate_price_per_sqft': Price per sqft calculated. Range: 2.26 - 12000000.00
2026-05-01 10:16:07,311 - RealEstateAI - INFO - logging_utils - log_info - Function 'calculate_total_rooms': Calculating total rooms
2026-05-01 10:16:07,314 - RealEstateAI - INFO - logging_utils - log_info - Function 'calculate_total_rooms': Total rooms calculated. Range: 2 - 83
2026-05-01 10:16:07,314 - RealEstateAI - INFO - logging_utils - log_info - Function 'detect_outliers': Detecting outliers using iqr method
2026-05-01 10:16:07,315 - RealEstateAI - INFO - logging_utils - log_info - Function 'detect_outliers': Removed 2181 outliers. Rows remaining: 10587
2026-05-01 10:16:07,315 - RealEstateAI - INFO - logging_utils - log_info - Function 'preprocess': Preprocessing complete. Rows: 13320 -> 10587
2026-05-01 10:16:07,315 - RealEstateAI - INFO - logging_utils - log_info - Function 'create_all_features': Starting complete feature engineering
2026-05-01 10:16:07,315 - RealEstateAI - INFO - logging_utils - log_info - Function 'create_price_per_sqft_feature': Creating price per sqft feature
2026-05-01 10:16:07,315 - RealEstateAI - INFO - logging_utils - log_info - Function 'create_bhk_category': Creating BHK category feature
2026-05-01 10:16:07,329 - RealEstateAI - INFO - logging_utils - log_info - Function 'create_total_rooms': Creating total rooms feature
2026-05-01 10:16:07,332 - RealEstateAI - INFO - logging_utils - log_info - Function 'create_luxury_indicators': Creating luxury indicators
2026-05-01 10:16:07,336 - RealEstateAI - INFO - logging_utils - log_info - Function 'create_area_density_features': Creating area density features
2026-05-01 10:16:07,345 - RealEstateAI - INFO - logging_utils - log_info - Function 'create_locality_frequency_encoding': Creating frequency encoding
2026-05-01 10:16:07,353 - RealEstateAI - INFO - logging_utils - log_info - Function 'create_locality_popularity': Creating popularity score
2026-05-01 10:16:07,361 - RealEstateAI - INFO - logging_utils - log_info - Function 'create_property_segmentation': Creating property segmentation
2026-05-01 10:16:07,370 - RealEstateAI - INFO - logging_utils - log_info - Function 'create_premium_area_classification': Creating premium area classification
2026-05-01 10:16:07,381 - RealEstateAI - INFO - logging_utils - log_info - Function 'create_affordability_metrics': Creating affordability metrics
2026-05-01 10:16:07,384 - RealEstateAI - INFO - logging_utils - log_info - Function 'create_investment_score': Creating investment score
2026-05-01 10:16:07,396 - RealEstateAI - INFO - logging_utils - log_info - Function 'create_time_features': Creating time features
2026-05-01 10:16:07,423 - RealEstateAI - INFO - logging_utils - log_info - Function 'create_interaction_features': Creating interaction features
2026-05-01 10:16:07,428 - RealEstateAI - INFO - logging_utils - log_info - Function 'detect_all_anomalies': Starting complete anomaly detection
2026-05-01 10:16:07,432 - RealEstateAI - INFO - logging_utils - log_info - Function 'detect_anomalies_isolation_forest': Starting Isolation Forest anomaly detection
2026-05-01 10:16:07,743 - RealEstateAI - INFO - logging_utils - log_info - Function 'detect_anomalies_isolation_forest': Found 530 anomalies (5.01%)
2026-05-01 10:16:07,743 - RealEstateAI - INFO - logging_utils - log_info - Function 'detect_anomalies_lof': Starting LOF anomaly detection
2026-05-01 10:16:07,977 - RealEstateAI - INFO - logging_utils - log_info - Function 'detect_anomalies_lof': Found 530 anomalies (5.01%)
2026-05-01 10:16:07,977 - RealEstateAI - INFO - logging_utils - log_info - Function 'detect_overpriced_properties': Detecting overpriced properties
2026-05-01 10:16:09,366 - RealEstateAI - INFO - logging_utils - log_info - Function 'detect_overpriced_properties': Found 259 overpriced properties
2026-05-01 10:16:09,366 - RealEstateAI - INFO - logging_utils - log_info - Function 'detect_underpriced_properties': Detecting underpriced properties
2026-05-01 10:16:10,730 - RealEstateAI - INFO - logging_utils - log_info - Function 'detect_underpriced_properties': Found 58 underpriced properties
2026-05-01 10:16:10,730 - RealEstateAI - INFO - logging_utils - log_info - Function 'detect_suspicious_listings': Detecting suspicious listings
2026-05-01 10:16:10,738 - RealEstateAI - INFO - logging_utils - log_info - Function 'detect_suspicious_listings': Found 268 suspicious listings
2026-05-01 10:16:10,738 - RealEstateAI - INFO - logging_utils - log_info - Function 'detect_anomalies_statistical': Starting statistical anomaly detection
2026-05-01 10:16:10,747 - RealEstateAI - INFO - logging_utils - log_info - Function 'detect_all_anomalies': Combined: 1466 anomalies (13.85%)
2026-05-01 10:16:10,752 - RealEstateAI - INFO - logging_utils - log_info - Function 'calculate_investment_score': Starting investment score calculation
2026-05-01 10:16:10,782 - RealEstateAI - INFO - logging_utils - log_info - Function 'calculate_investment_score': Investment scores calculated. Range: 0.289 - 0.874
2026-05-01 10:16:10,784 - RealEstateAI - INFO - logging_utils - log_info - Function 'create_composite_score': Creating composite score
2026-05-01 10:16:10,785 - RealEstateAI - WARNING - logging_utils - log_warning - Function 'create_composite_score': Missing column: investment_score
2026-05-01 10:16:10,785 - RealEstateAI - WARNING - logging_utils - log_warning - Function 'create_composite_score': Missing column: popularity_score
2026-05-01 10:16:10,786 - RealEstateAI - WARNING - logging_utils - log_warning - Function 'create_composite_score': Missing column: appreciation_score
2026-05-01 10:16:10,786 - RealEstateAI - WARNING - logging_utils - log_warning - Function 'create_composite_score': Missing column: affordability_index
2026-05-01 10:16:10,787 - RealEstateAI - WARNING - logging_utils - log_warning - Function 'create_composite_score': Missing column: risk_score
2026-05-01 10:16:10,797 - RealEstateAI - INFO - logging_utils - log_info - Function 'create_composite_score': Composite scores calculated. Range: 0.500 - 0.500
2026-05-01 10:16:10,799 - RealEstateAI - INFO - logging_utils - log_info - Function 'get_investment_summary': Generating investment summary
2026-05-01 10:16:10,818 - RealEstateAI - INFO - logging_utils - log_info - Function 'create_investment_heatmap': Creating investment heatmap
2026-05-01 10:17:30,858 - RealEstateAI - INFO - logging_utils - log_info - Function 'load_data': Loading data from E:\Jupyter Notebook\IIT Delhi AI Projects\Machine Learning\House Price Prediction\Bengaluru_House_Data.csv
2026-05-01 10:17:30,890 - RealEstateAI - INFO - logging_utils - log_info - Function 'load_data': Data loaded successfully. Shape: (13320, 9)
2026-05-01 10:17:30,897 - RealEstateAI - INFO - logging_utils - log_info - Function 'preprocess': Starting complete preprocessing pipeline
2026-05-01 10:17:30,899 - RealEstateAI - INFO - logging_utils - log_info - Function 'clean_column_names': Cleaning column names
2026-05-01 10:17:30,901 - RealEstateAI - INFO - logging_utils - log_info - Function 'clean_column_names': Column names cleaned
2026-05-01 10:17:30,902 - RealEstateAI - INFO - logging_utils - log_info - Function 'handle_missing_values': Starting missing value handling
2026-05-01 10:17:30,914 - RealEstateAI - INFO - logging_utils - log_info - Function 'handle_missing_values': Missing values reduced from 6201 to 16
2026-05-01 10:17:30,914 - RealEstateAI - INFO - logging_utils - log_info - Function 'handle_duplicates': Checking for duplicates
2026-05-01 10:17:30,947 - RealEstateAI - INFO - logging_utils - log_info - Function 'handle_duplicates': Removed 530 duplicate rows
2026-05-01 10:17:30,947 - RealEstateAI - INFO - logging_utils - log_info - Function 'clean_square_footage': Starting square footage cleaning
2026-05-01 10:17:30,957 - RealEstateAI - INFO - logging_utils - log_info - Function 'clean_square_footage': Square footage cleaned. Rows remaining: 12784
2026-05-01 10:17:30,958 - RealEstateAI - INFO - logging_utils - log_info - Function 'extract_bhk': Extracting BHK values
2026-05-01 10:17:30,982 - RealEstateAI - INFO - logging_utils - log_info - Function 'extract_bhk': BHK extracted. BHK distribution: {2.0: 5244, 3.0: 4655, 4.0: 1398, 1.0: 636, 5.0: 349, 6.0: 220, 7.0: 99, 8.0: 88, 9.0: 53, 10.0: 14, 11.0: 4, 27.0: 1, 19.0: 1, 16.0: 1, 43.0: 1, 14.0: 1, 12.0: 1, 13.0: 1, 18.0: 1}
2026-05-01 10:17:30,982 - RealEstateAI - INFO - logging_utils - log_info - Function 'calculate_price_per_sqft': Calculating price per sqft
2026-05-01 10:17:30,984 - RealEstateAI - INFO - logging_utils - log_info - Function 'calculate_price_per_sqft': Price per sqft calculated. Range: 2.26 - 12000000.00
2026-05-01 10:17:30,984 - RealEstateAI - INFO - logging_utils - log_info - Function 'calculate_total_rooms': Calculating total rooms
2026-05-01 10:17:30,984 - RealEstateAI - INFO - logging_utils - log_info - Function 'calculate_total_rooms': Total rooms calculated. Range: 2 - 83
2026-05-01 10:17:30,984 - RealEstateAI - INFO - logging_utils - log_info - Function 'detect_outliers': Detecting outliers using iqr method
2026-05-01 10:17:30,996 - RealEstateAI - INFO - logging_utils - log_info - Function 'detect_outliers': Removed 2181 outliers. Rows remaining: 10587
2026-05-01 10:17:30,996 - RealEstateAI - INFO - logging_utils - log_info - Function 'preprocess': Preprocessing complete. Rows: 13320 -> 10587
2026-05-01 10:17:30,996 - RealEstateAI - INFO - logging_utils - log_info - Function 'create_all_features': Starting complete feature engineering
2026-05-01 10:17:30,996 - RealEstateAI - INFO - logging_utils - log_info - Function 'create_price_per_sqft_feature': Creating price per sqft feature
2026-05-01 10:17:30,998 - RealEstateAI - INFO - logging_utils - log_info - Function 'create_bhk_category': Creating BHK category feature
2026-05-01 10:17:30,999 - RealEstateAI - INFO - logging_utils - log_info - Function 'create_total_rooms': Creating total rooms feature
2026-05-01 10:17:31,003 - RealEstateAI - INFO - logging_utils - log_info - Function 'create_luxury_indicators': Creating luxury indicators
2026-05-01 10:17:31,007 - RealEstateAI - INFO - logging_utils - log_info - Function 'create_area_density_features': Creating area density features
2026-05-01 10:17:31,023 - RealEstateAI - INFO - logging_utils - log_info - Function 'create_locality_frequency_encoding': Creating frequency encoding
2026-05-01 10:17:31,030 - RealEstateAI - INFO - logging_utils - log_info - Function 'create_locality_popularity': Creating popularity score
2026-05-01 10:17:31,040 - RealEstateAI - INFO - logging_utils - log_info - Function 'create_property_segmentation': Creating property segmentation
2026-05-01 10:17:31,046 - RealEstateAI - INFO - logging_utils - log_info - Function 'create_premium_area_classification': Creating premium area classification
2026-05-01 10:17:31,050 - RealEstateAI - INFO - logging_utils - log_info - Function 'create_affordability_metrics': Creating affordability metrics
2026-05-01 10:17:31,057 - RealEstateAI - INFO - logging_utils - log_info - Function 'create_investment_score': Creating investment score
2026-05-01 10:17:31,079 - RealEstateAI - INFO - logging_utils - log_info - Function 'create_time_features': Creating time features
2026-05-01 10:17:31,103 - RealEstateAI - INFO - logging_utils - log_info - Function 'create_interaction_features': Creating interaction features
2026-05-01 10:17:31,106 - RealEstateAI - INFO - logging_utils - log_info - Function 'detect_all_anomalies': Starting complete anomaly detection
2026-05-01 10:17:31,106 - RealEstateAI - INFO - logging_utils - log_info - Function 'detect_anomalies_isolation_forest': Starting Isolation Forest anomaly detection
2026-05-01 10:17:31,428 - RealEstateAI - INFO - logging_utils - log_info - Function 'detect_anomalies_isolation_forest': Found 530 anomalies (5.01%)
2026-05-01 10:17:31,428 - RealEstateAI - INFO - logging_utils - log_info - Function 'detect_anomalies_lof': Starting LOF anomaly detection
2026-05-01 10:17:31,603 - RealEstateAI - INFO - logging_utils - log_info - Function 'detect_anomalies_lof': Found 530 anomalies (5.01%)
2026-05-01 10:17:31,603 - RealEstateAI - INFO - logging_utils - log_info - Function 'detect_overpriced_properties': Detecting overpriced properties
2026-05-01 10:17:33,276 - RealEstateAI - INFO - logging_utils - log_info - Function 'detect_overpriced_properties': Found 259 overpriced properties
2026-05-01 10:17:33,276 - RealEstateAI - INFO - logging_utils - log_info - Function 'detect_underpriced_properties': Detecting underpriced properties
2026-05-01 10:17:35,760 - RealEstateAI - INFO - logging_utils - log_info - Function 'detect_underpriced_properties': Found 58 underpriced properties
2026-05-01 10:17:35,762 - RealEstateAI - INFO - logging_utils - log_info - Function 'detect_suspicious_listings': Detecting suspicious listings
2026-05-01 10:17:35,788 - RealEstateAI - INFO - logging_utils - log_info - Function 'detect_suspicious_listings': Found 268 suspicious listings
2026-05-01 10:17:35,790 - RealEstateAI - INFO - logging_utils - log_info - Function 'detect_anomalies_statistical': Starting statistical anomaly detection
2026-05-01 10:17:35,822 - RealEstateAI - INFO - logging_utils - log_info - Function 'detect_all_anomalies': Combined: 1466 anomalies (13.85%)
2026-05-01 10:17:35,826 - RealEstateAI - INFO - logging_utils - log_info - Function 'calculate_investment_score': Starting investment score calculation
2026-05-01 10:17:35,891 - RealEstateAI - INFO - logging_utils - log_info - Function 'calculate_investment_score': Investment scores calculated. Range: 0.289 - 0.874
2026-05-01 10:17:35,896 - RealEstateAI - INFO - logging_utils - log_info - Function 'create_composite_score': Creating composite score
2026-05-01 10:17:35,898 - RealEstateAI - WARNING - logging_utils - log_warning - Function 'create_composite_score': Missing column: investment_score
2026-05-01 10:17:35,900 - RealEstateAI - WARNING - logging_utils - log_warning - Function 'create_composite_score': Missing column: popularity_score
2026-05-01 10:17:35,902 - RealEstateAI - WARNING - logging_utils - log_warning - Function 'create_composite_score': Missing column: appreciation_score
2026-05-01 10:17:35,902 - RealEstateAI - WARNING - logging_utils - log_warning - Function 'create_composite_score': Missing column: affordability_index
2026-05-01 10:17:35,904 - RealEstateAI - WARNING - logging_utils - log_warning - Function 'create_composite_score': Missing column: risk_score
2026-05-01 10:17:35,923 - RealEstateAI - INFO - logging_utils - log_info - Function 'create_composite_score': Composite scores calculated. Range: 0.500 - 0.500
2026-05-01 10:17:35,934 - RealEstateAI - INFO - logging_utils - log_info - Function 'get_anomaly_summary': Generating anomaly summary
2026-05-01 10:18:11,505 - RealEstateAI - INFO - logging_utils - log_info - Function 'load_data': Loading data from E:\Jupyter Notebook\IIT Delhi AI Projects\Machine Learning\House Price Prediction\Bengaluru_House_Data.csv
2026-05-01 10:18:11,546 - RealEstateAI - INFO - logging_utils - log_info - Function 'load_data': Data loaded successfully. Shape: (13320, 9)
2026-05-01 10:18:11,546 - RealEstateAI - INFO - logging_utils - log_info - Function 'preprocess': Starting complete preprocessing pipeline
2026-05-01 10:18:11,546 - RealEstateAI - INFO - logging_utils - log_info - Function 'clean_column_names': Cleaning column names
2026-05-01 10:18:11,549 - RealEstateAI - INFO - logging_utils - log_info - Function 'clean_column_names': Column names cleaned
2026-05-01 10:18:11,549 - RealEstateAI - INFO - logging_utils - log_info - Function 'handle_missing_values': Starting missing value handling
2026-05-01 10:18:11,564 - RealEstateAI - INFO - logging_utils - log_info - Function 'handle_missing_values': Missing values reduced from 6201 to 16
2026-05-01 10:18:11,564 - RealEstateAI - INFO - logging_utils - log_info - Function 'handle_duplicates': Checking for duplicates
2026-05-01 10:18:11,582 - RealEstateAI - INFO - logging_utils - log_info - Function 'handle_duplicates': Removed 530 duplicate rows
2026-05-01 10:18:11,582 - RealEstateAI - INFO - logging_utils - log_info - Function 'clean_square_footage': Starting square footage cleaning
2026-05-01 10:18:11,594 - RealEstateAI - INFO - logging_utils - log_info - Function 'clean_square_footage': Square footage cleaned. Rows remaining: 12784
2026-05-01 10:18:11,594 - RealEstateAI - INFO - logging_utils - log_info - Function 'extract_bhk': Extracting BHK values
2026-05-01 10:18:11,613 - RealEstateAI - INFO - logging_utils - log_info - Function 'extract_bhk': BHK extracted. BHK distribution: {2.0: 5244, 3.0: 4655, 4.0: 1398, 1.0: 636, 5.0: 349, 6.0: 220, 7.0: 99, 8.0: 88, 9.0: 53, 10.0: 14, 11.0: 4, 27.0: 1, 19.0: 1, 16.0: 1, 43.0: 1, 14.0: 1, 12.0: 1, 13.0: 1, 18.0: 1}
2026-05-01 10:18:11,613 - RealEstateAI - INFO - logging_utils - log_info - Function 'calculate_price_per_sqft': Calculating price per sqft
2026-05-01 10:18:11,613 - RealEstateAI - INFO - logging_utils - log_info - Function 'calculate_price_per_sqft': Price per sqft calculated. Range: 2.26 - 12000000.00
2026-05-01 10:18:11,613 - RealEstateAI - INFO - logging_utils - log_info - Function 'calculate_total_rooms': Calculating total rooms
2026-05-01 10:18:11,613 - RealEstateAI - INFO - logging_utils - log_info - Function 'calculate_total_rooms': Total rooms calculated. Range: 2 - 83
2026-05-01 10:18:11,621 - RealEstateAI - INFO - logging_utils - log_info - Function 'detect_outliers': Detecting outliers using iqr method
2026-05-01 10:18:11,631 - RealEstateAI - INFO - logging_utils - log_info - Function 'detect_outliers': Removed 2181 outliers. Rows remaining: 10587
2026-05-01 10:18:11,631 - RealEstateAI - INFO - logging_utils - log_info - Function 'preprocess': Preprocessing complete. Rows: 13320 -> 10587
2026-05-01 10:18:11,631 - RealEstateAI - INFO - logging_utils - log_info - Function 'create_all_features': Starting complete feature engineering
2026-05-01 10:18:11,631 - RealEstateAI - INFO - logging_utils - log_info - Function 'create_price_per_sqft_feature': Creating price per sqft feature
2026-05-01 10:18:11,631 - RealEstateAI - INFO - logging_utils - log_info - Function 'create_bhk_category': Creating BHK category feature
2026-05-01 10:18:11,638 - RealEstateAI - INFO - logging_utils - log_info - Function 'create_total_rooms': Creating total rooms feature
2026-05-01 10:18:11,640 - RealEstateAI - INFO - logging_utils - log_info - Function 'create_luxury_indicators': Creating luxury indicators
2026-05-01 10:18:11,643 - RealEstateAI - INFO - logging_utils - log_info - Function 'create_area_density_features': Creating area density features
2026-05-01 10:18:11,647 - RealEstateAI - INFO - logging_utils - log_info - Function 'create_locality_frequency_encoding': Creating frequency encoding
2026-05-01 10:18:11,662 - RealEstateAI - INFO - logging_utils - log_info - Function 'create_locality_popularity': Creating popularity score
2026-05-01 10:18:11,668 - RealEstateAI - INFO - logging_utils - log_info - Function 'create_property_segmentation': Creating property segmentation
2026-05-01 10:18:11,681 - RealEstateAI - INFO - logging_utils - log_info - Function 'create_premium_area_classification': Creating premium area classification
2026-05-01 10:18:11,686 - RealEstateAI - INFO - logging_utils - log_info - Function 'create_affordability_metrics': Creating affordability metrics
2026-05-01 10:18:11,692 - RealEstateAI - INFO - logging_utils - log_info - Function 'create_investment_score': Creating investment score
2026-05-01 10:18:11,693 - RealEstateAI - INFO - logging_utils - log_info - Function 'create_time_features': Creating time features
2026-05-01 10:18:11,732 - RealEstateAI - INFO - logging_utils - log_info - Function 'create_interaction_features': Creating interaction features
2026-05-01 10:18:11,734 - RealEstateAI - INFO - logging_utils - log_info - Function 'detect_all_anomalies': Starting complete anomaly detection
2026-05-01 10:18:11,734 - RealEstateAI - INFO - logging_utils - log_info - Function 'detect_anomalies_isolation_forest': Starting Isolation Forest anomaly detection
2026-05-01 10:18:12,055 - RealEstateAI - INFO - logging_utils - log_info - Function 'detect_anomalies_isolation_forest': Found 530 anomalies (5.01%)
2026-05-01 10:18:12,055 - RealEstateAI - INFO - logging_utils - log_info - Function 'detect_anomalies_lof': Starting LOF anomaly detection
2026-05-01 10:18:12,204 - RealEstateAI - INFO - logging_utils - log_info - Function 'detect_anomalies_lof': Found 530 anomalies (5.01%)
2026-05-01 10:18:12,204 - RealEstateAI - INFO - logging_utils - log_info - Function 'detect_overpriced_properties': Detecting overpriced properties
2026-05-01 10:18:13,849 - RealEstateAI - INFO - logging_utils - log_info - Function 'detect_overpriced_properties': Found 259 overpriced properties
2026-05-01 10:18:13,849 - RealEstateAI - INFO - logging_utils - log_info - Function 'detect_underpriced_properties': Detecting underpriced properties
2026-05-01 10:18:15,571 - RealEstateAI - INFO - logging_utils - log_info - Function 'detect_underpriced_properties': Found 58 underpriced properties
2026-05-01 10:18:15,571 - RealEstateAI - INFO - logging_utils - log_info - Function 'detect_suspicious_listings': Detecting suspicious listings
2026-05-01 10:18:15,581 - RealEstateAI - INFO - logging_utils - log_info - Function 'detect_suspicious_listings': Found 268 suspicious listings
2026-05-01 10:18:15,581 - RealEstateAI - INFO - logging_utils - log_info - Function 'detect_anomalies_statistical': Starting statistical anomaly detection
2026-05-01 10:18:15,600 - RealEstateAI - INFO - logging_utils - log_info - Function 'detect_all_anomalies': Combined: 1466 anomalies (13.85%)
2026-05-01 10:18:15,605 - RealEstateAI - INFO - logging_utils - log_info - Function 'calculate_investment_score': Starting investment score calculation
2026-05-01 10:18:15,648 - RealEstateAI - INFO - logging_utils - log_info - Function 'calculate_investment_score': Investment scores calculated. Range: 0.289 - 0.874
2026-05-01 10:18:15,652 - RealEstateAI - INFO - logging_utils - log_info - Function 'create_composite_score': Creating composite score
2026-05-01 10:18:15,652 - RealEstateAI - WARNING - logging_utils - log_warning - Function 'create_composite_score': Missing column: investment_score
2026-05-01 10:18:15,652 - RealEstateAI - WARNING - logging_utils - log_warning - Function 'create_composite_score': Missing column: popularity_score
2026-05-01 10:18:15,652 - RealEstateAI - WARNING - logging_utils - log_warning - Function 'create_composite_score': Missing column: appreciation_score
2026-05-01 10:18:15,652 - RealEstateAI - WARNING - logging_utils - log_warning - Function 'create_composite_score': Missing column: affordability_index
2026-05-01 10:18:15,655 - RealEstateAI - WARNING - logging_utils - log_warning - Function 'create_composite_score': Missing column: risk_score
2026-05-01 10:18:15,668 - RealEstateAI - INFO - logging_utils - log_info - Function 'create_composite_score': Composite scores calculated. Range: 0.500 - 0.500
2026-05-01 10:18:26,143 - RealEstateAI - INFO - logging_utils - log_info - Function 'load_data': Loading data from E:\Jupyter Notebook\IIT Delhi AI Projects\Machine Learning\House Price Prediction\Bengaluru_House_Data.csv
2026-05-01 10:18:26,187 - RealEstateAI - INFO - logging_utils - log_info - Function 'load_data': Data loaded successfully. Shape: (13320, 9)
2026-05-01 10:18:26,188 - RealEstateAI - INFO - logging_utils - log_info - Function 'preprocess': Starting complete preprocessing pipeline
2026-05-01 10:18:26,188 - RealEstateAI - INFO - logging_utils - log_info - Function 'clean_column_names': Cleaning column names
2026-05-01 10:18:26,188 - RealEstateAI - INFO - logging_utils - log_info - Function 'clean_column_names': Column names cleaned
2026-05-01 10:18:26,189 - RealEstateAI - INFO - logging_utils - log_info - Function 'handle_missing_values': Starting missing value handling
2026-05-01 10:18:26,199 - RealEstateAI - INFO - logging_utils - log_info - Function 'handle_missing_values': Missing values reduced from 6201 to 16
2026-05-01 10:18:26,199 - RealEstateAI - INFO - logging_utils - log_info - Function 'handle_duplicates': Checking for duplicates
2026-05-01 10:18:26,230 - RealEstateAI - INFO - logging_utils - log_info - Function 'handle_duplicates': Removed 530 duplicate rows
2026-05-01 10:18:26,230 - RealEstateAI - INFO - logging_utils - log_info - Function 'clean_square_footage': Starting square footage cleaning
2026-05-01 10:18:26,240 - RealEstateAI - INFO - logging_utils - log_info - Function 'clean_square_footage': Square footage cleaned. Rows remaining: 12784
2026-05-01 10:18:26,241 - RealEstateAI - INFO - logging_utils - log_info - Function 'extract_bhk': Extracting BHK values
2026-05-01 10:18:26,264 - RealEstateAI - INFO - logging_utils - log_info - Function 'extract_bhk': BHK extracted. BHK distribution: {2.0: 5244, 3.0: 4655, 4.0: 1398, 1.0: 636, 5.0: 349, 6.0: 220, 7.0: 99, 8.0: 88, 9.0: 53, 10.0: 14, 11.0: 4, 27.0: 1, 19.0: 1, 16.0: 1, 43.0: 1, 14.0: 1, 12.0: 1, 13.0: 1, 18.0: 1}
2026-05-01 10:18:26,264 - RealEstateAI - INFO - logging_utils - log_info - Function 'calculate_price_per_sqft': Calculating price per sqft
2026-05-01 10:18:26,266 - RealEstateAI - INFO - logging_utils - log_info - Function 'calculate_price_per_sqft': Price per sqft calculated. Range: 2.26 - 12000000.00
2026-05-01 10:18:26,266 - RealEstateAI - INFO - logging_utils - log_info - Function 'calculate_total_rooms': Calculating total rooms
2026-05-01 10:18:26,266 - RealEstateAI - INFO - logging_utils - log_info - Function 'calculate_total_rooms': Total rooms calculated. Range: 2 - 83
2026-05-01 10:18:26,268 - RealEstateAI - INFO - logging_utils - log_info - Function 'detect_outliers': Detecting outliers using iqr method
2026-05-01 10:18:26,276 - RealEstateAI - INFO - logging_utils - log_info - Function 'detect_outliers': Removed 2181 outliers. Rows remaining: 10587
2026-05-01 10:18:26,276 - RealEstateAI - INFO - logging_utils - log_info - Function 'preprocess': Preprocessing complete. Rows: 13320 -> 10587
2026-05-01 10:18:26,276 - RealEstateAI - INFO - logging_utils - log_info - Function 'create_all_features': Starting complete feature engineering
2026-05-01 10:18:26,276 - RealEstateAI - INFO - logging_utils - log_info - Function 'create_price_per_sqft_feature': Creating price per sqft feature
2026-05-01 10:18:26,276 - RealEstateAI - INFO - logging_utils - log_info - Function 'create_bhk_category': Creating BHK category feature
2026-05-01 10:18:26,282 - RealEstateAI - INFO - logging_utils - log_info - Function 'create_total_rooms': Creating total rooms feature
2026-05-01 10:18:26,287 - RealEstateAI - INFO - logging_utils - log_info - Function 'create_luxury_indicators': Creating luxury indicators
2026-05-01 10:18:26,289 - RealEstateAI - INFO - logging_utils - log_info - Function 'create_area_density_features': Creating area density features
2026-05-01 10:18:26,294 - RealEstateAI - INFO - logging_utils - log_info - Function 'create_locality_frequency_encoding': Creating frequency encoding
2026-05-01 10:18:26,311 - RealEstateAI - INFO - logging_utils - log_info - Function 'create_locality_popularity': Creating popularity score
2026-05-01 10:18:26,313 - RealEstateAI - INFO - logging_utils - log_info - Function 'create_property_segmentation': Creating property segmentation
2026-05-01 10:18:26,322 - RealEstateAI - INFO - logging_utils - log_info - Function 'create_premium_area_classification': Creating premium area classification
2026-05-01 10:18:26,328 - RealEstateAI - INFO - logging_utils - log_info - Function 'create_affordability_metrics': Creating affordability metrics
2026-05-01 10:18:26,339 - RealEstateAI - INFO - logging_utils - log_info - Function 'create_investment_score': Creating investment score
2026-05-01 10:18:26,353 - RealEstateAI - INFO - logging_utils - log_info - Function 'create_time_features': Creating time features
2026-05-01 10:18:26,384 - RealEstateAI - INFO - logging_utils - log_info - Function 'create_interaction_features': Creating interaction features
2026-05-01 10:18:26,387 - RealEstateAI - INFO - logging_utils - log_info - Function 'detect_all_anomalies': Starting complete anomaly detection
2026-05-01 10:18:26,388 - RealEstateAI - INFO - logging_utils - log_info - Function 'detect_anomalies_isolation_forest': Starting Isolation Forest anomaly detection
2026-05-01 10:18:26,732 - RealEstateAI - INFO - logging_utils - log_info - Function 'detect_anomalies_isolation_forest': Found 530 anomalies (5.01%)
2026-05-01 10:18:26,732 - RealEstateAI - INFO - logging_utils - log_info - Function 'detect_anomalies_lof': Starting LOF anomaly detection
2026-05-01 10:18:26,891 - RealEstateAI - INFO - logging_utils - log_info - Function 'detect_anomalies_lof': Found 530 anomalies (5.01%)
2026-05-01 10:18:26,893 - RealEstateAI - INFO - logging_utils - log_info - Function 'detect_overpriced_properties': Detecting overpriced properties
2026-05-01 10:18:28,515 - RealEstateAI - INFO - logging_utils - log_info - Function 'detect_overpriced_properties': Found 259 overpriced properties
2026-05-01 10:18:28,515 - RealEstateAI - INFO - logging_utils - log_info - Function 'detect_underpriced_properties': Detecting underpriced properties
2026-05-01 10:18:29,827 - RealEstateAI - INFO - logging_utils - log_info - Function 'detect_underpriced_properties': Found 58 underpriced properties
2026-05-01 10:18:29,827 - RealEstateAI - INFO - logging_utils - log_info - Function 'detect_suspicious_listings': Detecting suspicious listings
2026-05-01 10:18:29,849 - RealEstateAI - INFO - logging_utils - log_info - Function 'detect_suspicious_listings': Found 268 suspicious listings
2026-05-01 10:18:29,850 - RealEstateAI - INFO - logging_utils - log_info - Function 'detect_anomalies_statistical': Starting statistical anomaly detection
2026-05-01 10:18:29,860 - RealEstateAI - INFO - logging_utils - log_info - Function 'detect_all_anomalies': Combined: 1466 anomalies (13.85%)
2026-05-01 10:18:29,862 - RealEstateAI - INFO - logging_utils - log_info - Function 'calculate_investment_score': Starting investment score calculation
2026-05-01 10:18:29,897 - RealEstateAI - INFO - logging_utils - log_info - Function 'calculate_investment_score': Investment scores calculated. Range: 0.289 - 0.874
2026-05-01 10:18:29,899 - RealEstateAI - INFO - logging_utils - log_info - Function 'create_composite_score': Creating composite score
2026-05-01 10:18:29,900 - RealEstateAI - WARNING - logging_utils - log_warning - Function 'create_composite_score': Missing column: investment_score
2026-05-01 10:18:29,900 - RealEstateAI - WARNING - logging_utils - log_warning - Function 'create_composite_score': Missing column: popularity_score
2026-05-01 10:18:29,901 - RealEstateAI - WARNING - logging_utils - log_warning - Function 'create_composite_score': Missing column: appreciation_score
2026-05-01 10:18:29,901 - RealEstateAI - WARNING - logging_utils - log_warning - Function 'create_composite_score': Missing column: affordability_index
2026-05-01 10:18:29,902 - RealEstateAI - WARNING - logging_utils - log_warning - Function 'create_composite_score': Missing column: risk_score
2026-05-01 10:18:29,910 - RealEstateAI - INFO - logging_utils - log_info - Function 'create_composite_score': Composite scores calculated. Range: 0.500 - 0.500
2026-05-01 10:18:34,178 - RealEstateAI - INFO - logging_utils - log_info - Function 'load_data': Loading data from E:\Jupyter Notebook\IIT Delhi AI Projects\Machine Learning\House Price Prediction\Bengaluru_House_Data.csv
2026-05-01 10:18:34,255 - RealEstateAI - INFO - logging_utils - log_info - Function 'load_data': Data loaded successfully. Shape: (13320, 9)
2026-05-01 10:18:34,255 - RealEstateAI - INFO - logging_utils - log_info - Function 'preprocess': Starting complete preprocessing pipeline
2026-05-01 10:18:34,255 - RealEstateAI - INFO - logging_utils - log_info - Function 'clean_column_names': Cleaning column names
2026-05-01 10:18:34,258 - RealEstateAI - INFO - logging_utils - log_info - Function 'clean_column_names': Column names cleaned
2026-05-01 10:18:34,258 - RealEstateAI - INFO - logging_utils - log_info - Function 'handle_missing_values': Starting missing value handling
2026-05-01 10:18:34,268 - RealEstateAI - INFO - logging_utils - log_info - Function 'handle_missing_values': Missing values reduced from 6201 to 16
2026-05-01 10:18:34,268 - RealEstateAI - INFO - logging_utils - log_info - Function 'handle_duplicates': Checking for duplicates
2026-05-01 10:18:34,290 - RealEstateAI - INFO - logging_utils - log_info - Function 'handle_duplicates': Removed 530 duplicate rows
2026-05-01 10:18:34,290 - RealEstateAI - INFO - logging_utils - log_info - Function 'clean_square_footage': Starting square footage cleaning
2026-05-01 10:18:34,297 - RealEstateAI - INFO - logging_utils - log_info - Function 'clean_square_footage': Square footage cleaned. Rows remaining: 12784
2026-05-01 10:18:34,297 - RealEstateAI - INFO - logging_utils - log_info - Function 'extract_bhk': Extracting BHK values
2026-05-01 10:18:34,315 - RealEstateAI - INFO - logging_utils - log_info - Function 'extract_bhk': BHK extracted. BHK distribution: {2.0: 5244, 3.0: 4655, 4.0: 1398, 1.0: 636, 5.0: 349, 6.0: 220, 7.0: 99, 8.0: 88, 9.0: 53, 10.0: 14, 11.0: 4, 27.0: 1, 19.0: 1, 16.0: 1, 43.0: 1, 14.0: 1, 12.0: 1, 13.0: 1, 18.0: 1}
2026-05-01 10:18:34,315 - RealEstateAI - INFO - logging_utils - log_info - Function 'calculate_price_per_sqft': Calculating price per sqft
2026-05-01 10:18:34,327 - RealEstateAI - INFO - logging_utils - log_info - Function 'calculate_price_per_sqft': Price per sqft calculated. Range: 2.26 - 12000000.00
2026-05-01 10:18:34,327 - RealEstateAI - INFO - logging_utils - log_info - Function 'calculate_total_rooms': Calculating total rooms
2026-05-01 10:18:34,328 - RealEstateAI - INFO - logging_utils - log_info - Function 'calculate_total_rooms': Total rooms calculated. Range: 2 - 83
2026-05-01 10:18:34,328 - RealEstateAI - INFO - logging_utils - log_info - Function 'detect_outliers': Detecting outliers using iqr method
2026-05-01 10:18:34,334 - RealEstateAI - INFO - logging_utils - log_info - Function 'detect_outliers': Removed 2181 outliers. Rows remaining: 10587
2026-05-01 10:18:34,334 - RealEstateAI - INFO - logging_utils - log_info - Function 'preprocess': Preprocessing complete. Rows: 13320 -> 10587
2026-05-01 10:18:34,334 - RealEstateAI - INFO - logging_utils - log_info - Function 'create_all_features': Starting complete feature engineering
2026-05-01 10:18:34,334 - RealEstateAI - INFO - logging_utils - log_info - Function 'create_price_per_sqft_feature': Creating price per sqft feature
2026-05-01 10:18:34,340 - RealEstateAI - INFO - logging_utils - log_info - Function 'create_bhk_category': Creating BHK category feature
2026-05-01 10:18:34,344 - RealEstateAI - INFO - logging_utils - log_info - Function 'create_total_rooms': Creating total rooms feature
2026-05-01 10:18:34,347 - RealEstateAI - INFO - logging_utils - log_info - Function 'create_luxury_indicators': Creating luxury indicators
2026-05-01 10:18:34,347 - RealEstateAI - INFO - logging_utils - log_info - Function 'create_area_density_features': Creating area density features
2026-05-01 10:18:34,365 - RealEstateAI - INFO - logging_utils - log_info - Function 'create_locality_frequency_encoding': Creating frequency encoding
2026-05-01 10:18:34,368 - RealEstateAI - INFO - logging_utils - log_info - Function 'create_locality_popularity': Creating popularity score
2026-05-01 10:18:34,380 - RealEstateAI - INFO - logging_utils - log_info - Function 'create_property_segmentation': Creating property segmentation
2026-05-01 10:18:34,388 - RealEstateAI - INFO - logging_utils - log_info - Function 'create_premium_area_classification': Creating premium area classification
2026-05-01 10:18:34,397 - RealEstateAI - INFO - logging_utils - log_info - Function 'create_affordability_metrics': Creating affordability metrics
2026-05-01 10:18:34,403 - RealEstateAI - INFO - logging_utils - log_info - Function 'create_investment_score': Creating investment score
2026-05-01 10:18:34,416 - RealEstateAI - INFO - logging_utils - log_info - Function 'create_time_features': Creating time features
2026-05-01 10:18:34,448 - RealEstateAI - INFO - logging_utils - log_info - Function 'create_interaction_features': Creating interaction features
2026-05-01 10:18:34,452 - RealEstateAI - INFO - logging_utils - log_info - Function 'detect_all_anomalies': Starting complete anomaly detection
2026-05-01 10:18:34,453 - RealEstateAI - INFO - logging_utils - log_info - Function 'detect_anomalies_isolation_forest': Starting Isolation Forest anomaly detection
2026-05-01 10:18:34,782 - RealEstateAI - INFO - logging_utils - log_info - Function 'detect_anomalies_isolation_forest': Found 530 anomalies (5.01%)
2026-05-01 10:18:34,782 - RealEstateAI - INFO - logging_utils - log_info - Function 'detect_anomalies_lof': Starting LOF anomaly detection
2026-05-01 10:18:34,951 - RealEstateAI - INFO - logging_utils - log_info - Function 'detect_anomalies_lof': Found 530 anomalies (5.01%)
2026-05-01 10:18:34,951 - RealEstateAI - INFO - logging_utils - log_info - Function 'detect_overpriced_properties': Detecting overpriced properties
2026-05-01 10:18:36,465 - RealEstateAI - INFO - logging_utils - log_info - Function 'detect_overpriced_properties': Found 259 overpriced properties
2026-05-01 10:18:36,467 - RealEstateAI - INFO - logging_utils - log_info - Function 'detect_underpriced_properties': Detecting underpriced properties
2026-05-01 10:18:37,805 - RealEstateAI - INFO - logging_utils - log_info - Function 'detect_underpriced_properties': Found 58 underpriced properties
2026-05-01 10:18:37,805 - RealEstateAI - INFO - logging_utils - log_info - Function 'detect_suspicious_listings': Detecting suspicious listings
2026-05-01 10:18:37,818 - RealEstateAI - INFO - logging_utils - log_info - Function 'detect_suspicious_listings': Found 268 suspicious listings
2026-05-01 10:18:37,819 - RealEstateAI - INFO - logging_utils - log_info - Function 'detect_anomalies_statistical': Starting statistical anomaly detection
2026-05-01 10:18:37,830 - RealEstateAI - INFO - logging_utils - log_info - Function 'detect_all_anomalies': Combined: 1466 anomalies (13.85%)
2026-05-01 10:18:37,833 - RealEstateAI - INFO - logging_utils - log_info - Function 'calculate_investment_score': Starting investment score calculation
2026-05-01 10:18:37,862 - RealEstateAI - INFO - logging_utils - log_info - Function 'calculate_investment_score': Investment scores calculated. Range: 0.289 - 0.874
2026-05-01 10:18:37,864 - RealEstateAI - INFO - logging_utils - log_info - Function 'create_composite_score': Creating composite score
2026-05-01 10:18:37,865 - RealEstateAI - WARNING - logging_utils - log_warning - Function 'create_composite_score': Missing column: investment_score
2026-05-01 10:18:37,865 - RealEstateAI - WARNING - logging_utils - log_warning - Function 'create_composite_score': Missing column: popularity_score
2026-05-01 10:18:37,865 - RealEstateAI - WARNING - logging_utils - log_warning - Function 'create_composite_score': Missing column: appreciation_score
2026-05-01 10:18:37,865 - RealEstateAI - WARNING - logging_utils - log_warning - Function 'create_composite_score': Missing column: affordability_index
2026-05-01 10:18:37,865 - RealEstateAI - WARNING - logging_utils - log_warning - Function 'create_composite_score': Missing column: risk_score
2026-05-01 10:18:37,874 - RealEstateAI - INFO - logging_utils - log_info - Function 'create_composite_score': Composite scores calculated. Range: 0.500 - 0.500
2026-05-01 10:18:53,860 - RealEstateAI - INFO - logging_utils - log_info - Function 'load_data': Loading data from E:\Jupyter Notebook\IIT Delhi AI Projects\Machine Learning\House Price Prediction\Bengaluru_House_Data.csv
2026-05-01 10:18:53,898 - RealEstateAI - INFO - logging_utils - log_info - Function 'load_data': Data loaded successfully. Shape: (13320, 9)
2026-05-01 10:18:53,898 - RealEstateAI - INFO - logging_utils - log_info - Function 'preprocess': Starting complete preprocessing pipeline
2026-05-01 10:18:53,898 - RealEstateAI - INFO - logging_utils - log_info - Function 'clean_column_names': Cleaning column names
2026-05-01 10:18:53,900 - RealEstateAI - INFO - logging_utils - log_info - Function 'clean_column_names': Column names cleaned
2026-05-01 10:18:53,900 - RealEstateAI - INFO - logging_utils - log_info - Function 'handle_missing_values': Starting missing value handling
2026-05-01 10:18:53,907 - RealEstateAI - INFO - logging_utils - log_info - Function 'handle_missing_values': Missing values reduced from 6201 to 16
2026-05-01 10:18:53,907 - RealEstateAI - INFO - logging_utils - log_info - Function 'handle_duplicates': Checking for duplicates
2026-05-01 10:18:53,940 - RealEstateAI - INFO - logging_utils - log_info - Function 'handle_duplicates': Removed 530 duplicate rows
2026-05-01 10:18:53,942 - RealEstateAI - INFO - logging_utils - log_info - Function 'clean_square_footage': Starting square footage cleaning
2026-05-01 10:18:53,955 - RealEstateAI - INFO - logging_utils - log_info - Function 'clean_square_footage': Square footage cleaned. Rows remaining: 12784
2026-05-01 10:18:53,955 - RealEstateAI - INFO - logging_utils - log_info - Function 'extract_bhk': Extracting BHK values
2026-05-01 10:18:53,976 - RealEstateAI - INFO - logging_utils - log_info - Function 'extract_bhk': BHK extracted. BHK distribution: {2.0: 5244, 3.0: 4655, 4.0: 1398, 1.0: 636, 5.0: 349, 6.0: 220, 7.0: 99, 8.0: 88, 9.0: 53, 10.0: 14, 11.0: 4, 27.0: 1, 19.0: 1, 16.0: 1, 43.0: 1, 14.0: 1, 12.0: 1, 13.0: 1, 18.0: 1}
2026-05-01 10:18:53,977 - RealEstateAI - INFO - logging_utils - log_info - Function 'calculate_price_per_sqft': Calculating price per sqft
2026-05-01 10:18:53,979 - RealEstateAI - INFO - logging_utils - log_info - Function 'calculate_price_per_sqft': Price per sqft calculated. Range: 2.26 - 12000000.00
2026-05-01 10:18:53,979 - RealEstateAI - INFO - logging_utils - log_info - Function 'calculate_total_rooms': Calculating total rooms
2026-05-01 10:18:53,982 - RealEstateAI - INFO - logging_utils - log_info - Function 'calculate_total_rooms': Total rooms calculated. Range: 2 - 83
2026-05-01 10:18:53,982 - RealEstateAI - INFO - logging_utils - log_info - Function 'detect_outliers': Detecting outliers using iqr method
2026-05-01 10:18:53,982 - RealEstateAI - INFO - logging_utils - log_info - Function 'detect_outliers': Removed 2181 outliers. Rows remaining: 10587
2026-05-01 10:18:53,982 - RealEstateAI - INFO - logging_utils - log_info - Function 'preprocess': Preprocessing complete. Rows: 13320 -> 10587
2026-05-01 10:18:53,982 - RealEstateAI - INFO - logging_utils - log_info - Function 'create_all_features': Starting complete feature engineering
2026-05-01 10:18:53,982 - RealEstateAI - INFO - logging_utils - log_info - Function 'create_price_per_sqft_feature': Creating price per sqft feature
2026-05-01 10:18:53,982 - RealEstateAI - INFO - logging_utils - log_info - Function 'create_bhk_category': Creating BHK category feature
2026-05-01 10:18:53,996 - RealEstateAI - INFO - logging_utils - log_info - Function 'create_total_rooms': Creating total rooms feature
2026-05-01 10:18:53,996 - RealEstateAI - INFO - logging_utils - log_info - Function 'create_luxury_indicators': Creating luxury indicators
2026-05-01 10:18:54,003 - RealEstateAI - INFO - logging_utils - log_info - Function 'create_area_density_features': Creating area density features
2026-05-01 10:18:54,018 - RealEstateAI - INFO - logging_utils - log_info - Function 'create_locality_frequency_encoding': Creating frequency encoding
2026-05-01 10:18:54,018 - RealEstateAI - INFO - logging_utils - log_info - Function 'create_locality_popularity': Creating popularity score
2026-05-01 10:18:54,029 - RealEstateAI - INFO - logging_utils - log_info - Function 'create_property_segmentation': Creating property segmentation
2026-05-01 10:18:54,029 - RealEstateAI - INFO - logging_utils - log_info - Function 'create_premium_area_classification': Creating premium area classification
2026-05-01 10:18:54,046 - RealEstateAI - INFO - logging_utils - log_info - Function 'create_affordability_metrics': Creating affordability metrics
2026-05-01 10:18:54,051 - RealEstateAI - INFO - logging_utils - log_info - Function 'create_investment_score': Creating investment score
2026-05-01 10:18:54,064 - RealEstateAI - INFO - logging_utils - log_info - Function 'create_time_features': Creating time features
2026-05-01 10:18:54,090 - RealEstateAI - INFO - logging_utils - log_info - Function 'create_interaction_features': Creating interaction features
2026-05-01 10:18:54,095 - RealEstateAI - INFO - logging_utils - log_info - Function 'detect_all_anomalies': Starting complete anomaly detection
2026-05-01 10:18:54,095 - RealEstateAI - INFO - logging_utils - log_info - Function 'detect_anomalies_isolation_forest': Starting Isolation Forest anomaly detection
2026-05-01 10:18:54,420 - RealEstateAI - INFO - logging_utils - log_info - Function 'detect_anomalies_isolation_forest': Found 530 anomalies (5.01%)
2026-05-01 10:18:54,420 - RealEstateAI - INFO - logging_utils - log_info - Function 'detect_anomalies_lof': Starting LOF anomaly detection
2026-05-01 10:18:54,602 - RealEstateAI - INFO - logging_utils - log_info - Function 'detect_anomalies_lof': Found 530 anomalies (5.01%)
2026-05-01 10:18:54,602 - RealEstateAI - INFO - logging_utils - log_info - Function 'detect_overpriced_properties': Detecting overpriced properties
2026-05-01 10:18:56,228 - RealEstateAI - INFO - logging_utils - log_info - Function 'detect_overpriced_properties': Found 259 overpriced properties
2026-05-01 10:18:56,228 - RealEstateAI - INFO - logging_utils - log_info - Function 'detect_underpriced_properties': Detecting underpriced properties
2026-05-01 10:18:57,657 - RealEstateAI - INFO - logging_utils - log_info - Function 'detect_underpriced_properties': Found 58 underpriced properties
2026-05-01 10:18:57,657 - RealEstateAI - INFO - logging_utils - log_info - Function 'detect_suspicious_listings': Detecting suspicious listings
2026-05-01 10:18:57,671 - RealEstateAI - INFO - logging_utils - log_info - Function 'detect_suspicious_listings': Found 268 suspicious listings
2026-05-01 10:18:57,671 - RealEstateAI - INFO - logging_utils - log_info - Function 'detect_anomalies_statistical': Starting statistical anomaly detection
2026-05-01 10:18:57,685 - RealEstateAI - INFO - logging_utils - log_info - Function 'detect_all_anomalies': Combined: 1466 anomalies (13.85%)
2026-05-01 10:18:57,686 - RealEstateAI - INFO - logging_utils - log_info - Function 'calculate_investment_score': Starting investment score calculation
2026-05-01 10:18:57,714 - RealEstateAI - INFO - logging_utils - log_info - Function 'calculate_investment_score': Investment scores calculated. Range: 0.289 - 0.874
2026-05-01 10:18:57,719 - RealEstateAI - INFO - logging_utils - log_info - Function 'create_composite_score': Creating composite score
2026-05-01 10:18:57,719 - RealEstateAI - WARNING - logging_utils - log_warning - Function 'create_composite_score': Missing column: investment_score
2026-05-01 10:18:57,719 - RealEstateAI - WARNING - logging_utils - log_warning - Function 'create_composite_score': Missing column: popularity_score
2026-05-01 10:18:57,719 - RealEstateAI - WARNING - logging_utils - log_warning - Function 'create_composite_score': Missing column: appreciation_score
2026-05-01 10:18:57,719 - RealEstateAI - WARNING - logging_utils - log_warning - Function 'create_composite_score': Missing column: affordability_index
2026-05-01 10:18:57,722 - RealEstateAI - WARNING - logging_utils - log_warning - Function 'create_composite_score': Missing column: risk_score
2026-05-01 10:18:57,729 - RealEstateAI - INFO - logging_utils - log_info - Function 'create_composite_score': Composite scores calculated. Range: 0.500 - 0.500
2026-05-01 10:18:59,882 - RealEstateAI - INFO - logging_utils - log_info - Function 'load_data': Loading data from E:\Jupyter Notebook\IIT Delhi AI Projects\Machine Learning\House Price Prediction\Bengaluru_House_Data.csv
2026-05-01 10:18:59,926 - RealEstateAI - INFO - logging_utils - log_info - Function 'load_data': Data loaded successfully. Shape: (13320, 9)
2026-05-01 10:18:59,928 - RealEstateAI - INFO - logging_utils - log_info - Function 'preprocess': Starting complete preprocessing pipeline
2026-05-01 10:18:59,929 - RealEstateAI - INFO - logging_utils - log_info - Function 'clean_column_names': Cleaning column names
2026-05-01 10:18:59,930 - RealEstateAI - INFO - logging_utils - log_info - Function 'clean_column_names': Column names cleaned
2026-05-01 10:18:59,930 - RealEstateAI - INFO - logging_utils - log_info - Function 'handle_missing_values': Starting missing value handling
2026-05-01 10:18:59,934 - RealEstateAI - INFO - logging_utils - log_info - Function 'handle_missing_values': Missing values reduced from 6201 to 16
2026-05-01 10:18:59,935 - RealEstateAI - INFO - logging_utils - log_info - Function 'handle_duplicates': Checking for duplicates
2026-05-01 10:18:59,953 - RealEstateAI - INFO - logging_utils - log_info - Function 'handle_duplicates': Removed 530 duplicate rows
2026-05-01 10:18:59,953 - RealEstateAI - INFO - logging_utils - log_info - Function 'clean_square_footage': Starting square footage cleaning
2026-05-01 10:18:59,965 - RealEstateAI - INFO - logging_utils - log_info - Function 'clean_square_footage': Square footage cleaned. Rows remaining: 12784
2026-05-01 10:18:59,965 - RealEstateAI - INFO - logging_utils - log_info - Function 'extract_bhk': Extracting BHK values
2026-05-01 10:18:59,987 - RealEstateAI - INFO - logging_utils - log_info - Function 'extract_bhk': BHK extracted. BHK distribution: {2.0: 5244, 3.0: 4655, 4.0: 1398, 1.0: 636, 5.0: 349, 6.0: 220, 7.0: 99, 8.0: 88, 9.0: 53, 10.0: 14, 11.0: 4, 27.0: 1, 19.0: 1, 16.0: 1, 43.0: 1, 14.0: 1, 12.0: 1, 13.0: 1, 18.0: 1}
2026-05-01 10:18:59,987 - RealEstateAI - INFO - logging_utils - log_info - Function 'calculate_price_per_sqft': Calculating price per sqft
2026-05-01 10:18:59,990 - RealEstateAI - INFO - logging_utils - log_info - Function 'calculate_price_per_sqft': Price per sqft calculated. Range: 2.26 - 12000000.00
2026-05-01 10:18:59,990 - RealEstateAI - INFO - logging_utils - log_info - Function 'calculate_total_rooms': Calculating total rooms
2026-05-01 10:18:59,990 - RealEstateAI - INFO - logging_utils - log_info - Function 'calculate_total_rooms': Total rooms calculated. Range: 2 - 83
2026-05-01 10:18:59,990 - RealEstateAI - INFO - logging_utils - log_info - Function 'detect_outliers': Detecting outliers using iqr method
2026-05-01 10:19:00,001 - RealEstateAI - INFO - logging_utils - log_info - Function 'detect_outliers': Removed 2181 outliers. Rows remaining: 10587
2026-05-01 10:19:00,001 - RealEstateAI - INFO - logging_utils - log_info - Function 'preprocess': Preprocessing complete. Rows: 13320 -> 10587
2026-05-01 10:19:00,001 - RealEstateAI - INFO - logging_utils - log_info - Function 'create_all_features': Starting complete feature engineering
2026-05-01 10:19:00,001 - RealEstateAI - INFO - logging_utils - log_info - Function 'create_price_per_sqft_feature': Creating price per sqft feature
2026-05-01 10:19:00,004 - RealEstateAI - INFO - logging_utils - log_info - Function 'create_bhk_category': Creating BHK category feature
2026-05-01 10:19:00,006 - RealEstateAI - INFO - logging_utils - log_info - Function 'create_total_rooms': Creating total rooms feature
2026-05-01 10:19:00,013 - RealEstateAI - INFO - logging_utils - log_info - Function 'create_luxury_indicators': Creating luxury indicators
2026-05-01 10:19:00,017 - RealEstateAI - INFO - logging_utils - log_info - Function 'create_area_density_features': Creating area density features
2026-05-01 10:19:00,031 - RealEstateAI - INFO - logging_utils - log_info - Function 'create_locality_frequency_encoding': Creating frequency encoding
2026-05-01 10:19:00,037 - RealEstateAI - INFO - logging_utils - log_info - Function 'create_locality_popularity': Creating popularity score
2026-05-01 10:19:00,051 - RealEstateAI - INFO - logging_utils - log_info - Function 'create_property_segmentation': Creating property segmentation
2026-05-01 10:19:00,052 - RealEstateAI - INFO - logging_utils - log_info - Function 'create_premium_area_classification': Creating premium area classification
2026-05-01 10:19:00,064 - RealEstateAI - INFO - logging_utils - log_info - Function 'create_affordability_metrics': Creating affordability metrics
2026-05-01 10:19:00,066 - RealEstateAI - INFO - logging_utils - log_info - Function 'create_investment_score': Creating investment score
2026-05-01 10:19:00,080 - RealEstateAI - INFO - logging_utils - log_info - Function 'create_time_features': Creating time features
2026-05-01 10:19:00,106 - RealEstateAI - INFO - logging_utils - log_info - Function 'create_interaction_features': Creating interaction features
2026-05-01 10:19:00,114 - RealEstateAI - INFO - logging_utils - log_info - Function 'detect_all_anomalies': Starting complete anomaly detection
2026-05-01 10:19:00,114 - RealEstateAI - INFO - logging_utils - log_info - Function 'detect_anomalies_isolation_forest': Starting Isolation Forest anomaly detection
2026-05-01 10:19:00,426 - RealEstateAI - INFO - logging_utils - log_info - Function 'detect_anomalies_isolation_forest': Found 530 anomalies (5.01%)
2026-05-01 10:19:00,428 - RealEstateAI - INFO - logging_utils - log_info - Function 'detect_anomalies_lof': Starting LOF anomaly detection
2026-05-01 10:19:00,578 - RealEstateAI - INFO - logging_utils - log_info - Function 'detect_anomalies_lof': Found 530 anomalies (5.01%)
2026-05-01 10:19:00,578 - RealEstateAI - INFO - logging_utils - log_info - Function 'detect_overpriced_properties': Detecting overpriced properties
2026-05-01 10:19:01,950 - RealEstateAI - INFO - logging_utils - log_info - Function 'detect_overpriced_properties': Found 259 overpriced properties
2026-05-01 10:19:01,950 - RealEstateAI - INFO - logging_utils - log_info - Function 'detect_underpriced_properties': Detecting underpriced properties
2026-05-01 10:19:03,206 - RealEstateAI - INFO - logging_utils - log_info - Function 'detect_underpriced_properties': Found 58 underpriced properties
2026-05-01 10:19:03,206 - RealEstateAI - INFO - logging_utils - log_info - Function 'detect_suspicious_listings': Detecting suspicious listings
2026-05-01 10:19:03,221 - RealEstateAI - INFO - logging_utils - log_info - Function 'detect_suspicious_listings': Found 268 suspicious listings
2026-05-01 10:19:03,222 - RealEstateAI - INFO - logging_utils - log_info - Function 'detect_anomalies_statistical': Starting statistical anomaly detection
2026-05-01 10:19:03,235 - RealEstateAI - INFO - logging_utils - log_info - Function 'detect_all_anomalies': Combined: 1466 anomalies (13.85%)
2026-05-01 10:19:03,237 - RealEstateAI - INFO - logging_utils - log_info - Function 'calculate_investment_score': Starting investment score calculation
2026-05-01 10:19:03,263 - RealEstateAI - INFO - logging_utils - log_info - Function 'calculate_investment_score': Investment scores calculated. Range: 0.289 - 0.874
2026-05-01 10:19:03,266 - RealEstateAI - INFO - logging_utils - log_info - Function 'create_composite_score': Creating composite score
2026-05-01 10:19:03,266 - RealEstateAI - WARNING - logging_utils - log_warning - Function 'create_composite_score': Missing column: investment_score
2026-05-01 10:19:03,266 - RealEstateAI - WARNING - logging_utils - log_warning - Function 'create_composite_score': Missing column: popularity_score
2026-05-01 10:19:03,266 - RealEstateAI - WARNING - logging_utils - log_warning - Function 'create_composite_score': Missing column: appreciation_score
2026-05-01 10:19:03,268 - RealEstateAI - WARNING - logging_utils - log_warning - Function 'create_composite_score': Missing column: affordability_index
2026-05-01 10:19:03,268 - RealEstateAI - WARNING - logging_utils - log_warning - Function 'create_composite_score': Missing column: risk_score
2026-05-01 10:19:03,277 - RealEstateAI - INFO - logging_utils - log_info - Function 'create_composite_score': Composite scores calculated. Range: 0.500 - 0.500
2026-05-01 10:20:07,799 - RealEstateAI - INFO - logging_utils - log_info - Function 'load_preprocessor': Preprocessor loaded from E:\Jupyter Notebook\IIT Delhi AI Projects\Machine Learning\House Price Prediction\models\preprocessor.pkl
2026-05-01 10:20:12,514 - RealEstateAI - INFO - logging_utils - log_info - Function 'load_preprocessor': Preprocessor loaded from E:\Jupyter Notebook\IIT Delhi AI Projects\Machine Learning\House Price Prediction\models\preprocessor.pkl
2026-05-01 10:20:12,530 - RealEstateAI - INFO - logging_utils - log_info - Function 'load_model': Anomaly detection model loaded from E:\Jupyter Notebook\IIT Delhi AI Projects\Machine Learning\House Price Prediction\models\anomaly_detector.pkl
2026-05-01 10:20:12,540 - RealEstateAI - INFO - logging_utils - log_info - Function 'load_model': Investment scorer loaded from E:\Jupyter Notebook\IIT Delhi AI Projects\Machine Learning\House Price Prediction\models\investment_scorer.pkl
2026-05-01 10:20:12,553 - RealEstateAI - INFO - logging_utils - log_info - Function 'load_model': Model loaded from E:\Jupyter Notebook\IIT Delhi AI Projects\Machine Learning\House Price Prediction\models\best_model.pkl
2026-05-01 10:20:46,039 - RealEstateAI - INFO - logging_utils - log_info - Function 'load_data': Loading data from E:\Jupyter Notebook\IIT Delhi AI Projects\Machine Learning\House Price Prediction\Bengaluru_House_Data.csv
2026-05-01 10:20:46,068 - RealEstateAI - INFO - logging_utils - log_info - Function 'load_data': Data loaded successfully. Shape: (13320, 9)
2026-05-01 10:20:46,068 - RealEstateAI - INFO - logging_utils - log_info - Function 'preprocess': Starting complete preprocessing pipeline
2026-05-01 10:20:46,068 - RealEstateAI - INFO - logging_utils - log_info - Function 'clean_column_names': Cleaning column names
2026-05-01 10:20:46,068 - RealEstateAI - INFO - logging_utils - log_info - Function 'clean_column_names': Column names cleaned
2026-05-01 10:20:46,068 - RealEstateAI - INFO - logging_utils - log_info - Function 'handle_missing_values': Starting missing value handling
2026-05-01 10:20:46,079 - RealEstateAI - INFO - logging_utils - log_info - Function 'handle_missing_values': Missing values reduced from 6201 to 16
2026-05-01 10:20:46,079 - RealEstateAI - INFO - logging_utils - log_info - Function 'handle_duplicates': Checking for duplicates
2026-05-01 10:20:46,097 - RealEstateAI - INFO - logging_utils - log_info - Function 'handle_duplicates': Removed 530 duplicate rows
2026-05-01 10:20:46,097 - RealEstateAI - INFO - logging_utils - log_info - Function 'clean_square_footage': Starting square footage cleaning
2026-05-01 10:20:46,107 - RealEstateAI - INFO - logging_utils - log_info - Function 'clean_square_footage': Square footage cleaned. Rows remaining: 12784
2026-05-01 10:20:46,108 - RealEstateAI - INFO - logging_utils - log_info - Function 'extract_bhk': Extracting BHK values
2026-05-01 10:20:46,129 - RealEstateAI - INFO - logging_utils - log_info - Function 'extract_bhk': BHK extracted. BHK distribution: {2.0: 5244, 3.0: 4655, 4.0: 1398, 1.0: 636, 5.0: 349, 6.0: 220, 7.0: 99, 8.0: 88, 9.0: 53, 10.0: 14, 11.0: 4, 27.0: 1, 19.0: 1, 16.0: 1, 43.0: 1, 14.0: 1, 12.0: 1, 13.0: 1, 18.0: 1}
2026-05-01 10:20:46,129 - RealEstateAI - INFO - logging_utils - log_info - Function 'calculate_price_per_sqft': Calculating price per sqft
2026-05-01 10:20:46,129 - RealEstateAI - INFO - logging_utils - log_info - Function 'calculate_price_per_sqft': Price per sqft calculated. Range: 2.26 - 12000000.00
2026-05-01 10:20:46,129 - RealEstateAI - INFO - logging_utils - log_info - Function 'calculate_total_rooms': Calculating total rooms
2026-05-01 10:20:46,133 - RealEstateAI - INFO - logging_utils - log_info - Function 'calculate_total_rooms': Total rooms calculated. Range: 2 - 83
2026-05-01 10:20:46,133 - RealEstateAI - INFO - logging_utils - log_info - Function 'detect_outliers': Detecting outliers using iqr method
2026-05-01 10:20:46,143 - RealEstateAI - INFO - logging_utils - log_info - Function 'detect_outliers': Removed 2181 outliers. Rows remaining: 10587
2026-05-01 10:20:46,143 - RealEstateAI - INFO - logging_utils - log_info - Function 'preprocess': Preprocessing complete. Rows: 13320 -> 10587
2026-05-01 10:20:46,144 - RealEstateAI - INFO - logging_utils - log_info - Function 'create_all_features': Starting complete feature engineering
2026-05-01 10:20:46,144 - RealEstateAI - INFO - logging_utils - log_info - Function 'create_price_per_sqft_feature': Creating price per sqft feature
2026-05-01 10:20:46,146 - RealEstateAI - INFO - logging_utils - log_info - Function 'create_bhk_category': Creating BHK category feature
2026-05-01 10:20:46,147 - RealEstateAI - INFO - logging_utils - log_info - Function 'create_total_rooms': Creating total rooms feature
2026-05-01 10:20:46,147 - RealEstateAI - INFO - logging_utils - log_info - Function 'create_luxury_indicators': Creating luxury indicators
2026-05-01 10:20:46,154 - RealEstateAI - INFO - logging_utils - log_info - Function 'create_area_density_features': Creating area density features
2026-05-01 10:20:46,168 - RealEstateAI - INFO - logging_utils - log_info - Function 'create_locality_frequency_encoding': Creating frequency encoding
2026-05-01 10:20:46,168 - RealEstateAI - INFO - logging_utils - log_info - Function 'create_locality_popularity': Creating popularity score
2026-05-01 10:20:46,177 - RealEstateAI - INFO - logging_utils - log_info - Function 'create_property_segmentation': Creating property segmentation
2026-05-01 10:20:46,177 - RealEstateAI - INFO - logging_utils - log_info - Function 'create_premium_area_classification': Creating premium area classification
2026-05-01 10:20:46,197 - RealEstateAI - INFO - logging_utils - log_info - Function 'create_affordability_metrics': Creating affordability metrics
2026-05-01 10:20:46,202 - RealEstateAI - INFO - logging_utils - log_info - Function 'create_investment_score': Creating investment score
2026-05-01 10:20:46,213 - RealEstateAI - INFO - logging_utils - log_info - Function 'create_time_features': Creating time features
2026-05-01 10:20:46,227 - RealEstateAI - INFO - logging_utils - log_info - Function 'create_interaction_features': Creating interaction features
2026-05-01 10:20:46,244 - RealEstateAI - INFO - logging_utils - log_info - Function 'detect_all_anomalies': Starting complete anomaly detection
2026-05-01 10:20:46,244 - RealEstateAI - INFO - logging_utils - log_info - Function 'detect_anomalies_isolation_forest': Starting Isolation Forest anomaly detection
2026-05-01 10:20:46,548 - RealEstateAI - INFO - logging_utils - log_info - Function 'detect_anomalies_isolation_forest': Found 530 anomalies (5.01%)
2026-05-01 10:20:46,548 - RealEstateAI - INFO - logging_utils - log_info - Function 'detect_anomalies_lof': Starting LOF anomaly detection
2026-05-01 10:20:46,704 - RealEstateAI - INFO - logging_utils - log_info - Function 'detect_anomalies_lof': Found 530 anomalies (5.01%)
2026-05-01 10:20:46,709 - RealEstateAI - INFO - logging_utils - log_info - Function 'detect_overpriced_properties': Detecting overpriced properties
2026-05-01 10:20:48,058 - RealEstateAI - INFO - logging_utils - log_info - Function 'detect_overpriced_properties': Found 259 overpriced properties
2026-05-01 10:20:48,058 - RealEstateAI - INFO - logging_utils - log_info - Function 'detect_underpriced_properties': Detecting underpriced properties
2026-05-01 10:20:49,324 - RealEstateAI - INFO - logging_utils - log_info - Function 'detect_underpriced_properties': Found 58 underpriced properties
2026-05-01 10:20:49,324 - RealEstateAI - INFO - logging_utils - log_info - Function 'detect_suspicious_listings': Detecting suspicious listings
2026-05-01 10:20:49,326 - RealEstateAI - INFO - logging_utils - log_info - Function 'detect_suspicious_listings': Found 268 suspicious listings
2026-05-01 10:20:49,326 - RealEstateAI - INFO - logging_utils - log_info - Function 'detect_anomalies_statistical': Starting statistical anomaly detection
2026-05-01 10:20:49,345 - RealEstateAI - INFO - logging_utils - log_info - Function 'detect_all_anomalies': Combined: 1466 anomalies (13.85%)
2026-05-01 10:20:49,347 - RealEstateAI - INFO - logging_utils - log_info - Function 'calculate_investment_score': Starting investment score calculation
2026-05-01 10:20:49,374 - RealEstateAI - INFO - logging_utils - log_info - Function 'calculate_investment_score': Investment scores calculated. Range: 0.289 - 0.874
2026-05-01 10:20:49,376 - RealEstateAI - INFO - logging_utils - log_info - Function 'create_composite_score': Creating composite score
2026-05-01 10:20:49,376 - RealEstateAI - WARNING - logging_utils - log_warning - Function 'create_composite_score': Missing column: investment_score
2026-05-01 10:20:49,377 - RealEstateAI - WARNING - logging_utils - log_warning - Function 'create_composite_score': Missing column: popularity_score
2026-05-01 10:20:49,377 - RealEstateAI - WARNING - logging_utils - log_warning - Function 'create_composite_score': Missing column: appreciation_score
2026-05-01 10:20:49,377 - RealEstateAI - WARNING - logging_utils - log_warning - Function 'create_composite_score': Missing column: affordability_index
2026-05-01 10:20:49,377 - RealEstateAI - WARNING - logging_utils - log_warning - Function 'create_composite_score': Missing column: risk_score
2026-05-01 10:20:49,388 - RealEstateAI - INFO - logging_utils - log_info - Function 'create_composite_score': Composite scores calculated. Range: 0.500 - 0.500
2026-05-01 10:20:49,402 - RealEstateAI - INFO - logging_utils - log_info - Function 'load_model': Anomaly detection model loaded from E:\Jupyter Notebook\IIT Delhi AI Projects\Machine Learning\House Price Prediction\models\anomaly_detector.pkl
2026-05-01 10:20:49,402 - RealEstateAI - INFO - logging_utils - log_info - Function 'load_model': Investment scorer loaded from E:\Jupyter Notebook\IIT Delhi AI Projects\Machine Learning\House Price Prediction\models\investment_scorer.pkl
2026-05-01 10:20:49,410 - RealEstateAI - INFO - logging_utils - log_info - Function 'load_model': Model loaded from E:\Jupyter Notebook\IIT Delhi AI Projects\Machine Learning\House Price Prediction\models\best_model.pkl
2026-05-01 10:21:14,257 - RealEstateAI - INFO - logging_utils - log_info - Function 'load_data': Loading data from E:\Jupyter Notebook\IIT Delhi AI Projects\Machine Learning\House Price Prediction\Bengaluru_House_Data.csv
2026-05-01 10:21:14,306 - RealEstateAI - INFO - logging_utils - log_info - Function 'load_data': Data loaded successfully. Shape: (13320, 9)
2026-05-01 10:21:14,307 - RealEstateAI - INFO - logging_utils - log_info - Function 'preprocess': Starting complete preprocessing pipeline
2026-05-01 10:21:14,307 - RealEstateAI - INFO - logging_utils - log_info - Function 'clean_column_names': Cleaning column names
2026-05-01 10:21:14,308 - RealEstateAI - INFO - logging_utils - log_info - Function 'clean_column_names': Column names cleaned
2026-05-01 10:21:14,308 - RealEstateAI - INFO - logging_utils - log_info - Function 'handle_missing_values': Starting missing value handling
2026-05-01 10:21:14,312 - RealEstateAI - INFO - logging_utils - log_info - Function 'handle_missing_values': Missing values reduced from 6201 to 16
2026-05-01 10:21:14,312 - RealEstateAI - INFO - logging_utils - log_info - Function 'handle_duplicates': Checking for duplicates
2026-05-01 10:21:14,333 - RealEstateAI - INFO - logging_utils - log_info - Function 'handle_duplicates': Removed 530 duplicate rows
2026-05-01 10:21:14,333 - RealEstateAI - INFO - logging_utils - log_info - Function 'clean_square_footage': Starting square footage cleaning
2026-05-01 10:21:14,346 - RealEstateAI - INFO - logging_utils - log_info - Function 'clean_square_footage': Square footage cleaned. Rows remaining: 12784
2026-05-01 10:21:14,346 - RealEstateAI - INFO - logging_utils - log_info - Function 'extract_bhk': Extracting BHK values
2026-05-01 10:21:14,360 - RealEstateAI - INFO - logging_utils - log_info - Function 'extract_bhk': BHK extracted. BHK distribution: {2.0: 5244, 3.0: 4655, 4.0: 1398, 1.0: 636, 5.0: 349, 6.0: 220, 7.0: 99, 8.0: 88, 9.0: 53, 10.0: 14, 11.0: 4, 27.0: 1, 19.0: 1, 16.0: 1, 43.0: 1, 14.0: 1, 12.0: 1, 13.0: 1, 18.0: 1}
2026-05-01 10:21:14,360 - RealEstateAI - INFO - logging_utils - log_info - Function 'calculate_price_per_sqft': Calculating price per sqft
2026-05-01 10:21:14,360 - RealEstateAI - INFO - logging_utils - log_info - Function 'calculate_price_per_sqft': Price per sqft calculated. Range: 2.26 - 12000000.00
2026-05-01 10:21:14,360 - RealEstateAI - INFO - logging_utils - log_info - Function 'calculate_total_rooms': Calculating total rooms
2026-05-01 10:21:14,360 - RealEstateAI - INFO - logging_utils - log_info - Function 'calculate_total_rooms': Total rooms calculated. Range: 2 - 83
2026-05-01 10:21:14,360 - RealEstateAI - INFO - logging_utils - log_info - Function 'detect_outliers': Detecting outliers using iqr method
2026-05-01 10:21:14,378 - RealEstateAI - INFO - logging_utils - log_info - Function 'detect_outliers': Removed 2181 outliers. Rows remaining: 10587
2026-05-01 10:21:14,378 - RealEstateAI - INFO - logging_utils - log_info - Function 'preprocess': Preprocessing complete. Rows: 13320 -> 10587
2026-05-01 10:21:14,378 - RealEstateAI - INFO - logging_utils - log_info - Function 'create_all_features': Starting complete feature engineering
2026-05-01 10:21:14,378 - RealEstateAI - INFO - logging_utils - log_info - Function 'create_price_per_sqft_feature': Creating price per sqft feature
2026-05-01 10:21:14,384 - RealEstateAI - INFO - logging_utils - log_info - Function 'create_bhk_category': Creating BHK category feature
2026-05-01 10:21:14,385 - RealEstateAI - INFO - logging_utils - log_info - Function 'create_total_rooms': Creating total rooms feature
2026-05-01 10:21:14,388 - RealEstateAI - INFO - logging_utils - log_info - Function 'create_luxury_indicators': Creating luxury indicators
2026-05-01 10:21:14,393 - RealEstateAI - INFO - logging_utils - log_info - Function 'create_area_density_features': Creating area density features
2026-05-01 10:21:14,404 - RealEstateAI - INFO - logging_utils - log_info - Function 'create_locality_frequency_encoding': Creating frequency encoding
2026-05-01 10:21:14,413 - RealEstateAI - INFO - logging_utils - log_info - Function 'create_locality_popularity': Creating popularity score
2026-05-01 10:21:14,422 - RealEstateAI - INFO - logging_utils - log_info - Function 'create_property_segmentation': Creating property segmentation
2026-05-01 10:21:14,427 - RealEstateAI - INFO - logging_utils - log_info - Function 'create_premium_area_classification': Creating premium area classification
2026-05-01 10:21:14,427 - RealEstateAI - INFO - logging_utils - log_info - Function 'create_affordability_metrics': Creating affordability metrics
2026-05-01 10:21:14,438 - RealEstateAI - INFO - logging_utils - log_info - Function 'create_investment_score': Creating investment score
2026-05-01 10:21:14,444 - RealEstateAI - INFO - logging_utils - log_info - Function 'create_time_features': Creating time features
2026-05-01 10:21:14,480 - RealEstateAI - INFO - logging_utils - log_info - Function 'create_interaction_features': Creating interaction features
2026-05-01 10:21:14,482 - RealEstateAI - INFO - logging_utils - log_info - Function 'detect_all_anomalies': Starting complete anomaly detection
2026-05-01 10:21:14,482 - RealEstateAI - INFO - logging_utils - log_info - Function 'detect_anomalies_isolation_forest': Starting Isolation Forest anomaly detection
2026-05-01 10:21:14,799 - RealEstateAI - INFO - logging_utils - log_info - Function 'detect_anomalies_isolation_forest': Found 530 anomalies (5.01%)
2026-05-01 10:21:14,799 - RealEstateAI - INFO - logging_utils - log_info - Function 'detect_anomalies_lof': Starting LOF anomaly detection
2026-05-01 10:21:14,948 - RealEstateAI - INFO - logging_utils - log_info - Function 'detect_anomalies_lof': Found 530 anomalies (5.01%)
2026-05-01 10:21:14,949 - RealEstateAI - INFO - logging_utils - log_info - Function 'detect_overpriced_properties': Detecting overpriced properties
2026-05-01 10:21:16,362 - RealEstateAI - INFO - logging_utils - log_info - Function 'detect_overpriced_properties': Found 259 overpriced properties
2026-05-01 10:21:16,362 - RealEstateAI - INFO - logging_utils - log_info - Function 'detect_underpriced_properties': Detecting underpriced properties
2026-05-01 10:21:17,622 - RealEstateAI - INFO - logging_utils - log_info - Function 'detect_underpriced_properties': Found 58 underpriced properties
2026-05-01 10:21:17,622 - RealEstateAI - INFO - logging_utils - log_info - Function 'detect_suspicious_listings': Detecting suspicious listings
2026-05-01 10:21:17,627 - RealEstateAI - INFO - logging_utils - log_info - Function 'detect_suspicious_listings': Found 268 suspicious listings
2026-05-01 10:21:17,627 - RealEstateAI - INFO - logging_utils - log_info - Function 'detect_anomalies_statistical': Starting statistical anomaly detection
2026-05-01 10:21:17,638 - RealEstateAI - INFO - logging_utils - log_info - Function 'detect_all_anomalies': Combined: 1466 anomalies (13.85%)
2026-05-01 10:21:17,643 - RealEstateAI - INFO - logging_utils - log_info - Function 'calculate_investment_score': Starting investment score calculation
2026-05-01 10:21:17,660 - RealEstateAI - INFO - logging_utils - log_info - Function 'calculate_investment_score': Investment scores calculated. Range: 0.289 - 0.874
2026-05-01 10:21:17,669 - RealEstateAI - INFO - logging_utils - log_info - Function 'create_composite_score': Creating composite score
2026-05-01 10:21:17,669 - RealEstateAI - WARNING - logging_utils - log_warning - Function 'create_composite_score': Missing column: investment_score
2026-05-01 10:21:17,669 - RealEstateAI - WARNING - logging_utils - log_warning - Function 'create_composite_score': Missing column: popularity_score
2026-05-01 10:21:17,669 - RealEstateAI - WARNING - logging_utils - log_warning - Function 'create_composite_score': Missing column: appreciation_score
2026-05-01 10:21:17,669 - RealEstateAI - WARNING - logging_utils - log_warning - Function 'create_composite_score': Missing column: affordability_index
2026-05-01 10:21:17,673 - RealEstateAI - WARNING - logging_utils - log_warning - Function 'create_composite_score': Missing column: risk_score
2026-05-01 10:21:17,679 - RealEstateAI - INFO - logging_utils - log_info - Function 'create_composite_score': Composite scores calculated. Range: 0.500 - 0.500
2026-05-01 10:21:17,689 - RealEstateAI - INFO - logging_utils - log_info - Function 'load_model': Anomaly detection model loaded from E:\Jupyter Notebook\IIT Delhi AI Projects\Machine Learning\House Price Prediction\models\anomaly_detector.pkl
2026-05-01 10:21:17,692 - RealEstateAI - INFO - logging_utils - log_info - Function 'load_model': Investment scorer loaded from E:\Jupyter Notebook\IIT Delhi AI Projects\Machine Learning\House Price Prediction\models\investment_scorer.pkl
2026-05-01 10:21:17,700 - RealEstateAI - INFO - logging_utils - log_info - Function 'load_model': Model loaded from E:\Jupyter Notebook\IIT Delhi AI Projects\Machine Learning\House Price Prediction\models\best_model.pkl
2026-05-01 10:21:17,715 - RealEstateAI - INFO - logging_utils - log_info - Function 'preprocess': Starting complete preprocessing pipeline
2026-05-01 10:21:17,715 - RealEstateAI - INFO - logging_utils - log_info - Function 'clean_column_names': Cleaning column names
2026-05-01 10:21:17,717 - RealEstateAI - INFO - logging_utils - log_info - Function 'clean_column_names': Column names cleaned
2026-05-01 10:21:17,717 - RealEstateAI - INFO - logging_utils - log_info - Function 'handle_missing_values': Starting missing value handling
2026-05-01 10:21:17,721 - RealEstateAI - INFO - logging_utils - log_info - Function 'handle_missing_values': Missing values reduced from 0 to 0
2026-05-01 10:21:17,721 - RealEstateAI - INFO - logging_utils - log_info - Function 'handle_duplicates': Checking for duplicates
2026-05-01 10:21:17,730 - RealEstateAI - INFO - logging_utils - log_info - Function 'handle_duplicates': Removed 0 duplicate rows
2026-05-01 10:21:17,730 - RealEstateAI - INFO - logging_utils - log_info - Function 'clean_square_footage': Starting square footage cleaning
2026-05-01 10:21:17,732 - RealEstateAI - INFO - logging_utils - log_info - Function 'clean_square_footage': Square footage cleaned. Rows remaining: 1
2026-05-01 10:21:17,732 - RealEstateAI - INFO - logging_utils - log_info - Function 'extract_bhk': Extracting BHK values
2026-05-01 10:21:17,732 - RealEstateAI - WARNING - logging_utils - log_warning - Function 'extract_bhk': size column not found
2026-05-01 10:21:17,732 - RealEstateAI - INFO - logging_utils - log_info - Function 'calculate_price_per_sqft': Calculating price per sqft
2026-05-01 10:21:17,732 - RealEstateAI - INFO - logging_utils - log_info - Function 'calculate_total_rooms': Calculating total rooms
2026-05-01 10:21:17,735 - RealEstateAI - INFO - logging_utils - log_info - Function 'calculate_total_rooms': Total rooms calculated. Range: 4 - 4
2026-05-01 10:21:17,735 - RealEstateAI - INFO - logging_utils - log_info - Function 'preprocess': Preprocessing complete. Rows: 1 -> 1
2026-05-01 10:21:17,735 - RealEstateAI - INFO - logging_utils - log_info - Function 'create_all_features': Starting complete feature engineering
2026-05-01 10:21:17,735 - RealEstateAI - INFO - logging_utils - log_info - Function 'create_price_per_sqft_feature': Creating price per sqft feature
2026-05-01 10:21:17,735 - RealEstateAI - INFO - logging_utils - log_info - Function 'create_bhk_category': Creating BHK category feature
2026-05-01 10:21:17,738 - RealEstateAI - INFO - logging_utils - log_info - Function 'create_total_rooms': Creating total rooms feature
2026-05-01 10:21:17,740 - RealEstateAI - INFO - logging_utils - log_info - Function 'create_luxury_indicators': Creating luxury indicators
2026-05-01 10:21:17,740 - RealEstateAI - INFO - logging_utils - log_info - Function 'create_area_density_features': Creating area density features
2026-05-01 10:21:17,740 - RealEstateAI - INFO - logging_utils - log_info - Function 'create_locality_frequency_encoding': Creating frequency encoding
2026-05-01 10:21:17,746 - RealEstateAI - INFO - logging_utils - log_info - Function 'create_locality_popularity': Creating popularity score
2026-05-01 10:21:17,746 - RealEstateAI - INFO - logging_utils - log_info - Function 'create_property_segmentation': Creating property segmentation
2026-05-01 10:21:17,746 - RealEstateAI - INFO - logging_utils - log_info - Function 'create_premium_area_classification': Creating premium area classification
2026-05-01 10:21:17,746 - RealEstateAI - INFO - logging_utils - log_info - Function 'create_affordability_metrics': Creating affordability metrics
2026-05-01 10:21:17,746 - RealEstateAI - INFO - logging_utils - log_info - Function 'create_investment_score': Creating investment score
2026-05-01 10:21:17,746 - RealEstateAI - INFO - logging_utils - log_info - Function 'create_time_features': Creating time features
2026-05-01 10:21:17,746 - RealEstateAI - INFO - logging_utils - log_info - Function 'create_interaction_features': Creating interaction features
2026-05-01 10:21:41,696 - RealEstateAI - INFO - logging_utils - log_info - Function 'load_data': Loading data from E:\Jupyter Notebook\IIT Delhi AI Projects\Machine Learning\House Price Prediction\Bengaluru_House_Data.csv
2026-05-01 10:21:41,737 - RealEstateAI - INFO - logging_utils - log_info - Function 'load_data': Data loaded successfully. Shape: (13320, 9)
2026-05-01 10:21:41,737 - RealEstateAI - INFO - logging_utils - log_info - Function 'preprocess': Starting complete preprocessing pipeline
2026-05-01 10:21:41,737 - RealEstateAI - INFO - logging_utils - log_info - Function 'clean_column_names': Cleaning column names
2026-05-01 10:21:41,743 - RealEstateAI - INFO - logging_utils - log_info - Function 'clean_column_names': Column names cleaned
2026-05-01 10:21:41,744 - RealEstateAI - INFO - logging_utils - log_info - Function 'handle_missing_values': Starting missing value handling
2026-05-01 10:21:41,749 - RealEstateAI - INFO - logging_utils - log_info - Function 'handle_missing_values': Missing values reduced from 6201 to 16
2026-05-01 10:21:41,749 - RealEstateAI - INFO - logging_utils - log_info - Function 'handle_duplicates': Checking for duplicates
2026-05-01 10:21:41,766 - RealEstateAI - INFO - logging_utils - log_info - Function 'handle_duplicates': Removed 530 duplicate rows
2026-05-01 10:21:41,766 - RealEstateAI - INFO - logging_utils - log_info - Function 'clean_square_footage': Starting square footage cleaning
2026-05-01 10:21:41,779 - RealEstateAI - INFO - logging_utils - log_info - Function 'clean_square_footage': Square footage cleaned. Rows remaining: 12784
2026-05-01 10:21:41,779 - RealEstateAI - INFO - logging_utils - log_info - Function 'extract_bhk': Extracting BHK values
2026-05-01 10:21:41,796 - RealEstateAI - INFO - logging_utils - log_info - Function 'extract_bhk': BHK extracted. BHK distribution: {2.0: 5244, 3.0: 4655, 4.0: 1398, 1.0: 636, 5.0: 349, 6.0: 220, 7.0: 99, 8.0: 88, 9.0: 53, 10.0: 14, 11.0: 4, 27.0: 1, 19.0: 1, 16.0: 1, 43.0: 1, 14.0: 1, 12.0: 1, 13.0: 1, 18.0: 1}
2026-05-01 10:21:41,796 - RealEstateAI - INFO - logging_utils - log_info - Function 'calculate_price_per_sqft': Calculating price per sqft
2026-05-01 10:21:41,802 - RealEstateAI - INFO - logging_utils - log_info - Function 'calculate_price_per_sqft': Price per sqft calculated. Range: 2.26 - 12000000.00
2026-05-01 10:21:41,802 - RealEstateAI - INFO - logging_utils - log_info - Function 'calculate_total_rooms': Calculating total rooms
2026-05-01 10:21:41,802 - RealEstateAI - INFO - logging_utils - log_info - Function 'calculate_total_rooms': Total rooms calculated. Range: 2 - 83
2026-05-01 10:21:41,805 - RealEstateAI - INFO - logging_utils - log_info - Function 'detect_outliers': Detecting outliers using iqr method
2026-05-01 10:21:41,813 - RealEstateAI - INFO - logging_utils - log_info - Function 'detect_outliers': Removed 2181 outliers. Rows remaining: 10587
2026-05-01 10:21:41,813 - RealEstateAI - INFO - logging_utils - log_info - Function 'preprocess': Preprocessing complete. Rows: 13320 -> 10587
2026-05-01 10:21:41,813 - RealEstateAI - INFO - logging_utils - log_info - Function 'create_all_features': Starting complete feature engineering
2026-05-01 10:21:41,813 - RealEstateAI - INFO - logging_utils - log_info - Function 'create_price_per_sqft_feature': Creating price per sqft feature
2026-05-01 10:21:41,818 - RealEstateAI - INFO - logging_utils - log_info - Function 'create_bhk_category': Creating BHK category feature
2026-05-01 10:21:41,819 - RealEstateAI - INFO - logging_utils - log_info - Function 'create_total_rooms': Creating total rooms feature
2026-05-01 10:21:41,823 - RealEstateAI - INFO - logging_utils - log_info - Function 'create_luxury_indicators': Creating luxury indicators
2026-05-01 10:21:41,829 - RealEstateAI - INFO - logging_utils - log_info - Function 'create_area_density_features': Creating area density features
2026-05-01 10:21:41,830 - RealEstateAI - INFO - logging_utils - log_info - Function 'create_locality_frequency_encoding': Creating frequency encoding
2026-05-01 10:21:41,848 - RealEstateAI - INFO - logging_utils - log_info - Function 'create_locality_popularity': Creating popularity score
2026-05-01 10:21:41,851 - RealEstateAI - INFO - logging_utils - log_info - Function 'create_property_segmentation': Creating property segmentation
2026-05-01 10:21:41,866 - RealEstateAI - INFO - logging_utils - log_info - Function 'create_premium_area_classification': Creating premium area classification
2026-05-01 10:21:41,877 - RealEstateAI - INFO - logging_utils - log_info - Function 'create_affordability_metrics': Creating affordability metrics
2026-05-01 10:21:41,883 - RealEstateAI - INFO - logging_utils - log_info - Function 'create_investment_score': Creating investment score
2026-05-01 10:21:41,897 - RealEstateAI - INFO - logging_utils - log_info - Function 'create_time_features': Creating time features
2026-05-01 10:21:41,923 - RealEstateAI - INFO - logging_utils - log_info - Function 'create_interaction_features': Creating interaction features
2026-05-01 10:21:41,928 - RealEstateAI - INFO - logging_utils - log_info - Function 'detect_all_anomalies': Starting complete anomaly detection
2026-05-01 10:21:41,929 - RealEstateAI - INFO - logging_utils - log_info - Function 'detect_anomalies_isolation_forest': Starting Isolation Forest anomaly detection
2026-05-01 10:21:42,260 - RealEstateAI - INFO - logging_utils - log_info - Function 'detect_anomalies_isolation_forest': Found 530 anomalies (5.01%)
2026-05-01 10:21:42,262 - RealEstateAI - INFO - logging_utils - log_info - Function 'detect_anomalies_lof': Starting LOF anomaly detection
2026-05-01 10:21:42,426 - RealEstateAI - INFO - logging_utils - log_info - Function 'detect_anomalies_lof': Found 530 anomalies (5.01%)
2026-05-01 10:21:42,426 - RealEstateAI - INFO - logging_utils - log_info - Function 'detect_overpriced_properties': Detecting overpriced properties
2026-05-01 10:21:43,865 - RealEstateAI - INFO - logging_utils - log_info - Function 'detect_overpriced_properties': Found 259 overpriced properties
2026-05-01 10:21:43,866 - RealEstateAI - INFO - logging_utils - log_info - Function 'detect_underpriced_properties': Detecting underpriced properties
2026-05-01 10:21:45,126 - RealEstateAI - INFO - logging_utils - log_info - Function 'detect_underpriced_properties': Found 58 underpriced properties
2026-05-01 10:21:45,126 - RealEstateAI - INFO - logging_utils - log_info - Function 'detect_suspicious_listings': Detecting suspicious listings
2026-05-01 10:21:45,145 - RealEstateAI - INFO - logging_utils - log_info - Function 'detect_suspicious_listings': Found 268 suspicious listings
2026-05-01 10:21:45,145 - RealEstateAI - INFO - logging_utils - log_info - Function 'detect_anomalies_statistical': Starting statistical anomaly detection
2026-05-01 10:21:45,147 - RealEstateAI - INFO - logging_utils - log_info - Function 'detect_all_anomalies': Combined: 1466 anomalies (13.85%)
2026-05-01 10:21:45,156 - RealEstateAI - INFO - logging_utils - log_info - Function 'calculate_investment_score': Starting investment score calculation
2026-05-01 10:21:45,180 - RealEstateAI - INFO - logging_utils - log_info - Function 'calculate_investment_score': Investment scores calculated. Range: 0.289 - 0.874
2026-05-01 10:21:45,180 - RealEstateAI - INFO - logging_utils - log_info - Function 'create_composite_score': Creating composite score
2026-05-01 10:21:45,180 - RealEstateAI - WARNING - logging_utils - log_warning - Function 'create_composite_score': Missing column: investment_score
2026-05-01 10:21:45,180 - RealEstateAI - WARNING - logging_utils - log_warning - Function 'create_composite_score': Missing column: popularity_score
2026-05-01 10:21:45,186 - RealEstateAI - WARNING - logging_utils - log_warning - Function 'create_composite_score': Missing column: appreciation_score
2026-05-01 10:21:45,186 - RealEstateAI - WARNING - logging_utils - log_warning - Function 'create_composite_score': Missing column: affordability_index
2026-05-01 10:21:45,186 - RealEstateAI - WARNING - logging_utils - log_warning - Function 'create_composite_score': Missing column: risk_score
2026-05-01 10:21:45,197 - RealEstateAI - INFO - logging_utils - log_info - Function 'create_composite_score': Composite scores calculated. Range: 0.500 - 0.500
2026-05-01 10:21:45,208 - RealEstateAI - INFO - logging_utils - log_info - Function 'load_model': Anomaly detection model loaded from E:\Jupyter Notebook\IIT Delhi AI Projects\Machine Learning\House Price Prediction\models\anomaly_detector.pkl
2026-05-01 10:21:45,209 - RealEstateAI - INFO - logging_utils - log_info - Function 'load_model': Investment scorer loaded from E:\Jupyter Notebook\IIT Delhi AI Projects\Machine Learning\House Price Prediction\models\investment_scorer.pkl
2026-05-01 10:21:45,216 - RealEstateAI - INFO - logging_utils - log_info - Function 'load_model': Model loaded from E:\Jupyter Notebook\IIT Delhi AI Projects\Machine Learning\House Price Prediction\models\best_model.pkl
2026-05-01 10:21:46,593 - RealEstateAI - INFO - logging_utils - log_info - Function 'load_data': Loading data from E:\Jupyter Notebook\IIT Delhi AI Projects\Machine Learning\House Price Prediction\Bengaluru_House_Data.csv
2026-05-01 10:21:46,634 - RealEstateAI - INFO - logging_utils - log_info - Function 'load_data': Data loaded successfully. Shape: (13320, 9)
2026-05-01 10:21:46,634 - RealEstateAI - INFO - logging_utils - log_info - Function 'preprocess': Starting complete preprocessing pipeline
2026-05-01 10:21:46,636 - RealEstateAI - INFO - logging_utils - log_info - Function 'clean_column_names': Cleaning column names
2026-05-01 10:21:46,636 - RealEstateAI - INFO - logging_utils - log_info - Function 'clean_column_names': Column names cleaned
2026-05-01 10:21:46,636 - RealEstateAI - INFO - logging_utils - log_info - Function 'handle_missing_values': Starting missing value handling
2026-05-01 10:21:46,638 - RealEstateAI - INFO - logging_utils - log_info - Function 'handle_missing_values': Missing values reduced from 6201 to 16
2026-05-01 10:21:46,638 - RealEstateAI - INFO - logging_utils - log_info - Function 'handle_duplicates': Checking for duplicates
2026-05-01 10:21:46,657 - RealEstateAI - INFO - logging_utils - log_info - Function 'handle_duplicates': Removed 530 duplicate rows
2026-05-01 10:21:46,657 - RealEstateAI - INFO - logging_utils - log_info - Function 'clean_square_footage': Starting square footage cleaning
2026-05-01 10:21:46,670 - RealEstateAI - INFO - logging_utils - log_info - Function 'clean_square_footage': Square footage cleaned. Rows remaining: 12784
2026-05-01 10:21:46,670 - RealEstateAI - INFO - logging_utils - log_info - Function 'extract_bhk': Extracting BHK values
2026-05-01 10:21:46,694 - RealEstateAI - INFO - logging_utils - log_info - Function 'extract_bhk': BHK extracted. BHK distribution: {2.0: 5244, 3.0: 4655, 4.0: 1398, 1.0: 636, 5.0: 349, 6.0: 220, 7.0: 99, 8.0: 88, 9.0: 53, 10.0: 14, 11.0: 4, 27.0: 1, 19.0: 1, 16.0: 1, 43.0: 1, 14.0: 1, 12.0: 1, 13.0: 1, 18.0: 1}
2026-05-01 10:21:46,694 - RealEstateAI - INFO - logging_utils - log_info - Function 'calculate_price_per_sqft': Calculating price per sqft
2026-05-01 10:21:46,694 - RealEstateAI - INFO - logging_utils - log_info - Function 'calculate_price_per_sqft': Price per sqft calculated. Range: 2.26 - 12000000.00
2026-05-01 10:21:46,696 - RealEstateAI - INFO - logging_utils - log_info - Function 'calculate_total_rooms': Calculating total rooms
2026-05-01 10:21:46,696 - RealEstateAI - INFO - logging_utils - log_info - Function 'calculate_total_rooms': Total rooms calculated. Range: 2 - 83
2026-05-01 10:21:46,698 - RealEstateAI - INFO - logging_utils - log_info - Function 'detect_outliers': Detecting outliers using iqr method
2026-05-01 10:21:46,699 - RealEstateAI - INFO - logging_utils - log_info - Function 'detect_outliers': Removed 2181 outliers. Rows remaining: 10587
2026-05-01 10:21:46,699 - RealEstateAI - INFO - logging_utils - log_info - Function 'preprocess': Preprocessing complete. Rows: 13320 -> 10587
2026-05-01 10:21:46,699 - RealEstateAI - INFO - logging_utils - log_info - Function 'create_all_features': Starting complete feature engineering
2026-05-01 10:21:46,699 - RealEstateAI - INFO - logging_utils - log_info - Function 'create_price_per_sqft_feature': Creating price per sqft feature
2026-05-01 10:21:46,699 - RealEstateAI - INFO - logging_utils - log_info - Function 'create_bhk_category': Creating BHK category feature
2026-05-01 10:21:46,712 - RealEstateAI - INFO - logging_utils - log_info - Function 'create_total_rooms': Creating total rooms feature
2026-05-01 10:21:46,715 - RealEstateAI - INFO - logging_utils - log_info - Function 'create_luxury_indicators': Creating luxury indicators
2026-05-01 10:21:46,718 - RealEstateAI - INFO - logging_utils - log_info - Function 'create_area_density_features': Creating area density features
2026-05-01 10:21:46,730 - RealEstateAI - INFO - logging_utils - log_info - Function 'create_locality_frequency_encoding': Creating frequency encoding
2026-05-01 10:21:46,734 - RealEstateAI - INFO - logging_utils - log_info - Function 'create_locality_popularity': Creating popularity score
2026-05-01 10:21:46,747 - RealEstateAI - INFO - logging_utils - log_info - Function 'create_property_segmentation': Creating property segmentation
2026-05-01 10:21:46,752 - RealEstateAI - INFO - logging_utils - log_info - Function 'create_premium_area_classification': Creating premium area classification
2026-05-01 10:21:46,763 - RealEstateAI - INFO - logging_utils - log_info - Function 'create_affordability_metrics': Creating affordability metrics
2026-05-01 10:21:46,765 - RealEstateAI - INFO - logging_utils - log_info - Function 'create_investment_score': Creating investment score
2026-05-01 10:21:46,782 - RealEstateAI - INFO - logging_utils - log_info - Function 'create_time_features': Creating time features
2026-05-01 10:21:46,803 - RealEstateAI - INFO - logging_utils - log_info - Function 'create_interaction_features': Creating interaction features
2026-05-01 10:21:46,808 - RealEstateAI - INFO - logging_utils - log_info - Function 'detect_all_anomalies': Starting complete anomaly detection
2026-05-01 10:21:46,808 - RealEstateAI - INFO - logging_utils - log_info - Function 'detect_anomalies_isolation_forest': Starting Isolation Forest anomaly detection
2026-05-01 10:21:47,183 - RealEstateAI - INFO - logging_utils - log_info - Function 'detect_anomalies_isolation_forest': Found 530 anomalies (5.01%)
2026-05-01 10:21:47,183 - RealEstateAI - INFO - logging_utils - log_info - Function 'detect_anomalies_lof': Starting LOF anomaly detection
2026-05-01 10:21:47,330 - RealEstateAI - INFO - logging_utils - log_info - Function 'detect_anomalies_lof': Found 530 anomalies (5.01%)
2026-05-01 10:21:47,330 - RealEstateAI - INFO - logging_utils - log_info - Function 'detect_overpriced_properties': Detecting overpriced properties
2026-05-01 10:21:48,668 - RealEstateAI - INFO - logging_utils - log_info - Function 'detect_overpriced_properties': Found 259 overpriced properties
2026-05-01 10:21:48,668 - RealEstateAI - INFO - logging_utils - log_info - Function 'detect_underpriced_properties': Detecting underpriced properties
2026-05-01 10:21:49,905 - RealEstateAI - INFO - logging_utils - log_info - Function 'detect_underpriced_properties': Found 58 underpriced properties
2026-05-01 10:21:49,905 - RealEstateAI - INFO - logging_utils - log_info - Function 'detect_suspicious_listings': Detecting suspicious listings
2026-05-01 10:21:49,923 - RealEstateAI - INFO - logging_utils - log_info - Function 'detect_suspicious_listings': Found 268 suspicious listings
2026-05-01 10:21:49,923 - RealEstateAI - INFO - logging_utils - log_info - Function 'detect_anomalies_statistical': Starting statistical anomaly detection
2026-05-01 10:21:49,923 - RealEstateAI - INFO - logging_utils - log_info - Function 'detect_all_anomalies': Combined: 1466 anomalies (13.85%)
2026-05-01 10:21:49,936 - RealEstateAI - INFO - logging_utils - log_info - Function 'calculate_investment_score': Starting investment score calculation
2026-05-01 10:21:49,963 - RealEstateAI - INFO - logging_utils - log_info - Function 'calculate_investment_score': Investment scores calculated. Range: 0.289 - 0.874
2026-05-01 10:21:49,965 - RealEstateAI - INFO - logging_utils - log_info - Function 'create_composite_score': Creating composite score
2026-05-01 10:21:49,965 - RealEstateAI - WARNING - logging_utils - log_warning - Function 'create_composite_score': Missing column: investment_score
2026-05-01 10:21:49,967 - RealEstateAI - WARNING - logging_utils - log_warning - Function 'create_composite_score': Missing column: popularity_score
2026-05-01 10:21:49,968 - RealEstateAI - WARNING - logging_utils - log_warning - Function 'create_composite_score': Missing column: appreciation_score
2026-05-01 10:21:49,968 - RealEstateAI - WARNING - logging_utils - log_warning - Function 'create_composite_score': Missing column: affordability_index
2026-05-01 10:21:49,969 - RealEstateAI - WARNING - logging_utils - log_warning - Function 'create_composite_score': Missing column: risk_score
2026-05-01 10:21:49,977 - RealEstateAI - INFO - logging_utils - log_info - Function 'create_composite_score': Composite scores calculated. Range: 0.500 - 0.500
2026-05-01 10:21:49,988 - RealEstateAI - INFO - logging_utils - log_info - Function 'load_model': Anomaly detection model loaded from E:\Jupyter Notebook\IIT Delhi AI Projects\Machine Learning\House Price Prediction\models\anomaly_detector.pkl
2026-05-01 10:21:49,988 - RealEstateAI - INFO - logging_utils - log_info - Function 'load_model': Investment scorer loaded from E:\Jupyter Notebook\IIT Delhi AI Projects\Machine Learning\House Price Prediction\models\investment_scorer.pkl
2026-05-01 10:21:49,997 - RealEstateAI - INFO - logging_utils - log_info - Function 'load_model': Model loaded from E:\Jupyter Notebook\IIT Delhi AI Projects\Machine Learning\House Price Prediction\models\best_model.pkl
2026-05-01 10:21:50,004 - RealEstateAI - INFO - logging_utils - log_info - Function 'preprocess': Starting complete preprocessing pipeline
2026-05-01 10:21:50,004 - RealEstateAI - INFO - logging_utils - log_info - Function 'clean_column_names': Cleaning column names
2026-05-01 10:21:50,012 - RealEstateAI - INFO - logging_utils - log_info - Function 'clean_column_names': Column names cleaned
2026-05-01 10:21:50,012 - RealEstateAI - INFO - logging_utils - log_info - Function 'handle_missing_values': Starting missing value handling
2026-05-01 10:21:50,019 - RealEstateAI - INFO - logging_utils - log_info - Function 'handle_missing_values': Missing values reduced from 0 to 0
2026-05-01 10:21:50,019 - RealEstateAI - INFO - logging_utils - log_info - Function 'handle_duplicates': Checking for duplicates
2026-05-01 10:21:50,021 - RealEstateAI - INFO - logging_utils - log_info - Function 'handle_duplicates': Removed 0 duplicate rows
2026-05-01 10:21:50,021 - RealEstateAI - INFO - logging_utils - log_info - Function 'clean_square_footage': Starting square footage cleaning
2026-05-01 10:21:50,023 - RealEstateAI - INFO - logging_utils - log_info - Function 'clean_square_footage': Square footage cleaned. Rows remaining: 1
2026-05-01 10:21:50,023 - RealEstateAI - INFO - logging_utils - log_info - Function 'extract_bhk': Extracting BHK values
2026-05-01 10:21:50,023 - RealEstateAI - WARNING - logging_utils - log_warning - Function 'extract_bhk': size column not found
2026-05-01 10:21:50,023 - RealEstateAI - INFO - logging_utils - log_info - Function 'calculate_price_per_sqft': Calculating price per sqft
2026-05-01 10:21:50,023 - RealEstateAI - INFO - logging_utils - log_info - Function 'calculate_total_rooms': Calculating total rooms
2026-05-01 10:21:50,026 - RealEstateAI - INFO - logging_utils - log_info - Function 'calculate_total_rooms': Total rooms calculated. Range: 4 - 4
2026-05-01 10:21:50,027 - RealEstateAI - INFO - logging_utils - log_info - Function 'preprocess': Preprocessing complete. Rows: 1 -> 1
2026-05-01 10:21:50,028 - RealEstateAI - INFO - logging_utils - log_info - Function 'create_all_features': Starting complete feature engineering
2026-05-01 10:21:50,028 - RealEstateAI - INFO - logging_utils - log_info - Function 'create_price_per_sqft_feature': Creating price per sqft feature
2026-05-01 10:21:50,029 - RealEstateAI - INFO - logging_utils - log_info - Function 'create_bhk_category': Creating BHK category feature
2026-05-01 10:21:50,030 - RealEstateAI - INFO - logging_utils - log_info - Function 'create_total_rooms': Creating total rooms feature
2026-05-01 10:21:50,034 - RealEstateAI - INFO - logging_utils - log_info - Function 'create_luxury_indicators': Creating luxury indicators
2026-05-01 10:21:50,034 - RealEstateAI - INFO - logging_utils - log_info - Function 'create_area_density_features': Creating area density features
2026-05-01 10:21:50,034 - RealEstateAI - INFO - logging_utils - log_info - Function 'create_locality_frequency_encoding': Creating frequency encoding
2026-05-01 10:21:50,040 - RealEstateAI - INFO - logging_utils - log_info - Function 'create_locality_popularity': Creating popularity score
2026-05-01 10:21:50,040 - RealEstateAI - INFO - logging_utils - log_info - Function 'create_property_segmentation': Creating property segmentation
2026-05-01 10:21:50,041 - RealEstateAI - INFO - logging_utils - log_info - Function 'create_premium_area_classification': Creating premium area classification
2026-05-01 10:21:50,041 - RealEstateAI - INFO - logging_utils - log_info - Function 'create_affordability_metrics': Creating affordability metrics
2026-05-01 10:21:50,041 - RealEstateAI - INFO - logging_utils - log_info - Function 'create_investment_score': Creating investment score
2026-05-01 10:21:50,041 - RealEstateAI - INFO - logging_utils - log_info - Function 'create_time_features': Creating time features
2026-05-01 10:21:50,041 - RealEstateAI - INFO - logging_utils - log_info - Function 'create_interaction_features': Creating interaction features
2026-05-01 10:22:05,767 - RealEstateAI - INFO - logging_utils - log_info - Function 'load_data': Loading data from E:\Jupyter Notebook\IIT Delhi AI Projects\Machine Learning\House Price Prediction\Bengaluru_House_Data.csv
2026-05-01 10:22:05,801 - RealEstateAI - INFO - logging_utils - log_info - Function 'load_data': Data loaded successfully. Shape: (13320, 9)
2026-05-01 10:22:05,802 - RealEstateAI - INFO - logging_utils - log_info - Function 'preprocess': Starting complete preprocessing pipeline
2026-05-01 10:22:05,803 - RealEstateAI - INFO - logging_utils - log_info - Function 'clean_column_names': Cleaning column names
2026-05-01 10:22:05,803 - RealEstateAI - INFO - logging_utils - log_info - Function 'clean_column_names': Column names cleaned
2026-05-01 10:22:05,803 - RealEstateAI - INFO - logging_utils - log_info - Function 'handle_missing_values': Starting missing value handling
2026-05-01 10:22:05,818 - RealEstateAI - INFO - logging_utils - log_info - Function 'handle_missing_values': Missing values reduced from 6201 to 16
2026-05-01 10:22:05,818 - RealEstateAI - INFO - logging_utils - log_info - Function 'handle_duplicates': Checking for duplicates
2026-05-01 10:22:05,834 - RealEstateAI - INFO - logging_utils - log_info - Function 'handle_duplicates': Removed 530 duplicate rows
2026-05-01 10:22:05,834 - RealEstateAI - INFO - logging_utils - log_info - Function 'clean_square_footage': Starting square footage cleaning
2026-05-01 10:22:05,847 - RealEstateAI - INFO - logging_utils - log_info - Function 'clean_square_footage': Square footage cleaned. Rows remaining: 12784
2026-05-01 10:22:05,847 - RealEstateAI - INFO - logging_utils - log_info - Function 'extract_bhk': Extracting BHK values
2026-05-01 10:22:05,868 - RealEstateAI - INFO - logging_utils - log_info - Function 'extract_bhk': BHK extracted. BHK distribution: {2.0: 5244, 3.0: 4655, 4.0: 1398, 1.0: 636, 5.0: 349, 6.0: 220, 7.0: 99, 8.0: 88, 9.0: 53, 10.0: 14, 11.0: 4, 27.0: 1, 19.0: 1, 16.0: 1, 43.0: 1, 14.0: 1, 12.0: 1, 13.0: 1, 18.0: 1}
2026-05-01 10:22:05,868 - RealEstateAI - INFO - logging_utils - log_info - Function 'calculate_price_per_sqft': Calculating price per sqft
2026-05-01 10:22:05,868 - RealEstateAI - INFO - logging_utils - log_info - Function 'calculate_price_per_sqft': Price per sqft calculated. Range: 2.26 - 12000000.00
2026-05-01 10:22:05,868 - RealEstateAI - INFO - logging_utils - log_info - Function 'calculate_total_rooms': Calculating total rooms
2026-05-01 10:22:05,872 - RealEstateAI - INFO - logging_utils - log_info - Function 'calculate_total_rooms': Total rooms calculated. Range: 2 - 83
2026-05-01 10:22:05,872 - RealEstateAI - INFO - logging_utils - log_info - Function 'detect_outliers': Detecting outliers using iqr method
2026-05-01 10:22:05,882 - RealEstateAI - INFO - logging_utils - log_info - Function 'detect_outliers': Removed 2181 outliers. Rows remaining: 10587
2026-05-01 10:22:05,884 - RealEstateAI - INFO - logging_utils - log_info - Function 'preprocess': Preprocessing complete. Rows: 13320 -> 10587
2026-05-01 10:22:05,884 - RealEstateAI - INFO - logging_utils - log_info - Function 'create_all_features': Starting complete feature engineering
2026-05-01 10:22:05,884 - RealEstateAI - INFO - logging_utils - log_info - Function 'create_price_per_sqft_feature': Creating price per sqft feature
2026-05-01 10:22:05,884 - RealEstateAI - INFO - logging_utils - log_info - Function 'create_bhk_category': Creating BHK category feature
2026-05-01 10:22:05,886 - RealEstateAI - INFO - logging_utils - log_info - Function 'create_total_rooms': Creating total rooms feature
2026-05-01 10:22:05,891 - RealEstateAI - INFO - logging_utils - log_info - Function 'create_luxury_indicators': Creating luxury indicators
2026-05-01 10:22:05,894 - RealEstateAI - INFO - logging_utils - log_info - Function 'create_area_density_features': Creating area density features
2026-05-01 10:22:05,906 - RealEstateAI - INFO - logging_utils - log_info - Function 'create_locality_frequency_encoding': Creating frequency encoding
2026-05-01 10:22:05,910 - RealEstateAI - INFO - logging_utils - log_info - Function 'create_locality_popularity': Creating popularity score
2026-05-01 10:22:05,924 - RealEstateAI - INFO - logging_utils - log_info - Function 'create_property_segmentation': Creating property segmentation
2026-05-01 10:22:05,930 - RealEstateAI - INFO - logging_utils - log_info - Function 'create_premium_area_classification': Creating premium area classification
2026-05-01 10:22:05,933 - RealEstateAI - INFO - logging_utils - log_info - Function 'create_affordability_metrics': Creating affordability metrics
2026-05-01 10:22:05,933 - RealEstateAI - INFO - logging_utils - log_info - Function 'create_investment_score': Creating investment score
2026-05-01 10:22:05,946 - RealEstateAI - INFO - logging_utils - log_info - Function 'create_time_features': Creating time features
2026-05-01 10:22:05,980 - RealEstateAI - INFO - logging_utils - log_info - Function 'create_interaction_features': Creating interaction features
2026-05-01 10:22:05,982 - RealEstateAI - INFO - logging_utils - log_info - Function 'detect_all_anomalies': Starting complete anomaly detection
2026-05-01 10:22:05,982 - RealEstateAI - INFO - logging_utils - log_info - Function 'detect_anomalies_isolation_forest': Starting Isolation Forest anomaly detection
2026-05-01 10:22:06,307 - RealEstateAI - INFO - logging_utils - log_info - Function 'detect_anomalies_isolation_forest': Found 530 anomalies (5.01%)
2026-05-01 10:22:06,307 - RealEstateAI - INFO - logging_utils - log_info - Function 'detect_anomalies_lof': Starting LOF anomaly detection
2026-05-01 10:22:06,461 - RealEstateAI - INFO - logging_utils - log_info - Function 'detect_anomalies_lof': Found 530 anomalies (5.01%)
2026-05-01 10:22:06,461 - RealEstateAI - INFO - logging_utils - log_info - Function 'detect_overpriced_properties': Detecting overpriced properties
2026-05-01 10:22:07,858 - RealEstateAI - INFO - logging_utils - log_info - Function 'detect_overpriced_properties': Found 259 overpriced properties
2026-05-01 10:22:07,858 - RealEstateAI - INFO - logging_utils - log_info - Function 'detect_underpriced_properties': Detecting underpriced properties
2026-05-01 10:22:09,121 - RealEstateAI - INFO - logging_utils - log_info - Function 'detect_underpriced_properties': Found 58 underpriced properties
2026-05-01 10:22:09,121 - RealEstateAI - INFO - logging_utils - log_info - Function 'detect_suspicious_listings': Detecting suspicious listings
2026-05-01 10:22:09,130 - RealEstateAI - INFO - logging_utils - log_info - Function 'detect_suspicious_listings': Found 268 suspicious listings
2026-05-01 10:22:09,130 - RealEstateAI - INFO - logging_utils - log_info - Function 'detect_anomalies_statistical': Starting statistical anomaly detection
2026-05-01 10:22:09,141 - RealEstateAI - INFO - logging_utils - log_info - Function 'detect_all_anomalies': Combined: 1466 anomalies (13.85%)
2026-05-01 10:22:09,143 - RealEstateAI - INFO - logging_utils - log_info - Function 'calculate_investment_score': Starting investment score calculation
2026-05-01 10:22:09,168 - RealEstateAI - INFO - logging_utils - log_info - Function 'calculate_investment_score': Investment scores calculated. Range: 0.289 - 0.874
2026-05-01 10:22:09,170 - RealEstateAI - INFO - logging_utils - log_info - Function 'create_composite_score': Creating composite score
2026-05-01 10:22:09,170 - RealEstateAI - WARNING - logging_utils - log_warning - Function 'create_composite_score': Missing column: investment_score
2026-05-01 10:22:09,170 - RealEstateAI - WARNING - logging_utils - log_warning - Function 'create_composite_score': Missing column: popularity_score
2026-05-01 10:22:09,170 - RealEstateAI - WARNING - logging_utils - log_warning - Function 'create_composite_score': Missing column: appreciation_score
2026-05-01 10:22:09,172 - RealEstateAI - WARNING - logging_utils - log_warning - Function 'create_composite_score': Missing column: affordability_index
2026-05-01 10:22:09,172 - RealEstateAI - WARNING - logging_utils - log_warning - Function 'create_composite_score': Missing column: risk_score
2026-05-01 10:22:09,182 - RealEstateAI - INFO - logging_utils - log_info - Function 'create_composite_score': Composite scores calculated. Range: 0.500 - 0.500
2026-05-01 10:22:09,190 - RealEstateAI - INFO - logging_utils - log_info - Function 'load_model': Anomaly detection model loaded from E:\Jupyter Notebook\IIT Delhi AI Projects\Machine Learning\House Price Prediction\models\anomaly_detector.pkl
2026-05-01 10:22:09,191 - RealEstateAI - INFO - logging_utils - log_info - Function 'load_model': Investment scorer loaded from E:\Jupyter Notebook\IIT Delhi AI Projects\Machine Learning\House Price Prediction\models\investment_scorer.pkl
2026-05-01 10:22:09,200 - RealEstateAI - INFO - logging_utils - log_info - Function 'load_model': Model loaded from E:\Jupyter Notebook\IIT Delhi AI Projects\Machine Learning\House Price Prediction\models\best_model.pkl
2026-05-01 10:22:10,787 - RealEstateAI - INFO - logging_utils - log_info - Function 'load_data': Loading data from E:\Jupyter Notebook\IIT Delhi AI Projects\Machine Learning\House Price Prediction\Bengaluru_House_Data.csv
2026-05-01 10:22:10,835 - RealEstateAI - INFO - logging_utils - log_info - Function 'load_data': Data loaded successfully. Shape: (13320, 9)
2026-05-01 10:22:10,835 - RealEstateAI - INFO - logging_utils - log_info - Function 'preprocess': Starting complete preprocessing pipeline
2026-05-01 10:22:10,835 - RealEstateAI - INFO - logging_utils - log_info - Function 'clean_column_names': Cleaning column names
2026-05-01 10:22:10,841 - RealEstateAI - INFO - logging_utils - log_info - Function 'clean_column_names': Column names cleaned
2026-05-01 10:22:10,841 - RealEstateAI - INFO - logging_utils - log_info - Function 'handle_missing_values': Starting missing value handling
2026-05-01 10:22:10,848 - RealEstateAI - INFO - logging_utils - log_info - Function 'handle_missing_values': Missing values reduced from 6201 to 16
2026-05-01 10:22:10,848 - RealEstateAI - INFO - logging_utils - log_info - Function 'handle_duplicates': Checking for duplicates
2026-05-01 10:22:10,864 - RealEstateAI - INFO - logging_utils - log_info - Function 'handle_duplicates': Removed 530 duplicate rows
2026-05-01 10:22:10,864 - RealEstateAI - INFO - logging_utils - log_info - Function 'clean_square_footage': Starting square footage cleaning
2026-05-01 10:22:10,876 - RealEstateAI - INFO - logging_utils - log_info - Function 'clean_square_footage': Square footage cleaned. Rows remaining: 12784
2026-05-01 10:22:10,877 - RealEstateAI - INFO - logging_utils - log_info - Function 'extract_bhk': Extracting BHK values
2026-05-01 10:22:10,896 - RealEstateAI - INFO - logging_utils - log_info - Function 'extract_bhk': BHK extracted. BHK distribution: {2.0: 5244, 3.0: 4655, 4.0: 1398, 1.0: 636, 5.0: 349, 6.0: 220, 7.0: 99, 8.0: 88, 9.0: 53, 10.0: 14, 11.0: 4, 27.0: 1, 19.0: 1, 16.0: 1, 43.0: 1, 14.0: 1, 12.0: 1, 13.0: 1, 18.0: 1}
2026-05-01 10:22:10,896 - RealEstateAI - INFO - logging_utils - log_info - Function 'calculate_price_per_sqft': Calculating price per sqft
2026-05-01 10:22:10,896 - RealEstateAI - INFO - logging_utils - log_info - Function 'calculate_price_per_sqft': Price per sqft calculated. Range: 2.26 - 12000000.00
2026-05-01 10:22:10,896 - RealEstateAI - INFO - logging_utils - log_info - Function 'calculate_total_rooms': Calculating total rooms
2026-05-01 10:22:10,896 - RealEstateAI - INFO - logging_utils - log_info - Function 'calculate_total_rooms': Total rooms calculated. Range: 2 - 83
2026-05-01 10:22:10,896 - RealEstateAI - INFO - logging_utils - log_info - Function 'detect_outliers': Detecting outliers using iqr method
2026-05-01 10:22:10,911 - RealEstateAI - INFO - logging_utils - log_info - Function 'detect_outliers': Removed 2181 outliers. Rows remaining: 10587
2026-05-01 10:22:10,911 - RealEstateAI - INFO - logging_utils - log_info - Function 'preprocess': Preprocessing complete. Rows: 13320 -> 10587
2026-05-01 10:22:10,913 - RealEstateAI - INFO - logging_utils - log_info - Function 'create_all_features': Starting complete feature engineering
2026-05-01 10:22:10,913 - RealEstateAI - INFO - logging_utils - log_info - Function 'create_price_per_sqft_feature': Creating price per sqft feature
2026-05-01 10:22:10,913 - RealEstateAI - INFO - logging_utils - log_info - Function 'create_bhk_category': Creating BHK category feature
2026-05-01 10:22:10,914 - RealEstateAI - INFO - logging_utils - log_info - Function 'create_total_rooms': Creating total rooms feature
2026-05-01 10:22:10,919 - RealEstateAI - INFO - logging_utils - log_info - Function 'create_luxury_indicators': Creating luxury indicators
2026-05-01 10:22:10,922 - RealEstateAI - INFO - logging_utils - log_info - Function 'create_area_density_features': Creating area density features
2026-05-01 10:22:10,930 - RealEstateAI - INFO - logging_utils - log_info - Function 'create_locality_frequency_encoding': Creating frequency encoding
2026-05-01 10:22:10,943 - RealEstateAI - INFO - logging_utils - log_info - Function 'create_locality_popularity': Creating popularity score
2026-05-01 10:22:10,952 - RealEstateAI - INFO - logging_utils - log_info - Function 'create_property_segmentation': Creating property segmentation
2026-05-01 10:22:10,955 - RealEstateAI - INFO - logging_utils - log_info - Function 'create_premium_area_classification': Creating premium area classification
2026-05-01 10:22:10,965 - RealEstateAI - INFO - logging_utils - log_info - Function 'create_affordability_metrics': Creating affordability metrics
2026-05-01 10:22:10,968 - RealEstateAI - INFO - logging_utils - log_info - Function 'create_investment_score': Creating investment score
2026-05-01 10:22:10,977 - RealEstateAI - INFO - logging_utils - log_info - Function 'create_time_features': Creating time features
2026-05-01 10:22:11,006 - RealEstateAI - INFO - logging_utils - log_info - Function 'create_interaction_features': Creating interaction features
2026-05-01 10:22:11,014 - RealEstateAI - INFO - logging_utils - log_info - Function 'detect_all_anomalies': Starting complete anomaly detection
2026-05-01 10:22:11,014 - RealEstateAI - INFO - logging_utils - log_info - Function 'detect_anomalies_isolation_forest': Starting Isolation Forest anomaly detection
2026-05-01 10:22:11,332 - RealEstateAI - INFO - logging_utils - log_info - Function 'detect_anomalies_isolation_forest': Found 530 anomalies (5.01%)
2026-05-01 10:22:11,332 - RealEstateAI - INFO - logging_utils - log_info - Function 'detect_anomalies_lof': Starting LOF anomaly detection
2026-05-01 10:22:11,493 - RealEstateAI - INFO - logging_utils - log_info - Function 'detect_anomalies_lof': Found 530 anomalies (5.01%)
2026-05-01 10:22:11,493 - RealEstateAI - INFO - logging_utils - log_info - Function 'detect_overpriced_properties': Detecting overpriced properties
2026-05-01 10:22:12,841 - RealEstateAI - INFO - logging_utils - log_info - Function 'detect_overpriced_properties': Found 259 overpriced properties
2026-05-01 10:22:12,841 - RealEstateAI - INFO - logging_utils - log_info - Function 'detect_underpriced_properties': Detecting underpriced properties
2026-05-01 10:22:14,097 - RealEstateAI - INFO - logging_utils - log_info - Function 'detect_underpriced_properties': Found 58 underpriced properties
2026-05-01 10:22:14,097 - RealEstateAI - INFO - logging_utils - log_info - Function 'detect_suspicious_listings': Detecting suspicious listings
2026-05-01 10:22:14,105 - RealEstateAI - INFO - logging_utils - log_info - Function 'detect_suspicious_listings': Found 268 suspicious listings
2026-05-01 10:22:14,105 - RealEstateAI - INFO - logging_utils - log_info - Function 'detect_anomalies_statistical': Starting statistical anomaly detection
2026-05-01 10:22:14,119 - RealEstateAI - INFO - logging_utils - log_info - Function 'detect_all_anomalies': Combined: 1466 anomalies (13.85%)
2026-05-01 10:22:14,120 - RealEstateAI - INFO - logging_utils - log_info - Function 'calculate_investment_score': Starting investment score calculation
2026-05-01 10:22:14,148 - RealEstateAI - INFO - logging_utils - log_info - Function 'calculate_investment_score': Investment scores calculated. Range: 0.289 - 0.874
2026-05-01 10:22:14,150 - RealEstateAI - INFO - logging_utils - log_info - Function 'create_composite_score': Creating composite score
2026-05-01 10:22:14,151 - RealEstateAI - WARNING - logging_utils - log_warning - Function 'create_composite_score': Missing column: investment_score
2026-05-01 10:22:14,151 - RealEstateAI - WARNING - logging_utils - log_warning - Function 'create_composite_score': Missing column: popularity_score
2026-05-01 10:22:14,152 - RealEstateAI - WARNING - logging_utils - log_warning - Function 'create_composite_score': Missing column: appreciation_score
2026-05-01 10:22:14,152 - RealEstateAI - WARNING - logging_utils - log_warning - Function 'create_composite_score': Missing column: affordability_index
2026-05-01 10:22:14,153 - RealEstateAI - WARNING - logging_utils - log_warning - Function 'create_composite_score': Missing column: risk_score
2026-05-01 10:22:14,163 - RealEstateAI - INFO - logging_utils - log_info - Function 'create_composite_score': Composite scores calculated. Range: 0.500 - 0.500
2026-05-01 10:22:14,172 - RealEstateAI - INFO - logging_utils - log_info - Function 'load_model': Anomaly detection model loaded from E:\Jupyter Notebook\IIT Delhi AI Projects\Machine Learning\House Price Prediction\models\anomaly_detector.pkl
2026-05-01 10:22:14,173 - RealEstateAI - INFO - logging_utils - log_info - Function 'load_model': Investment scorer loaded from E:\Jupyter Notebook\IIT Delhi AI Projects\Machine Learning\House Price Prediction\models\investment_scorer.pkl
2026-05-01 10:22:14,180 - RealEstateAI - INFO - logging_utils - log_info - Function 'load_model': Model loaded from E:\Jupyter Notebook\IIT Delhi AI Projects\Machine Learning\House Price Prediction\models\best_model.pkl
2026-05-01 10:22:14,190 - RealEstateAI - INFO - logging_utils - log_info - Function 'preprocess': Starting complete preprocessing pipeline
2026-05-01 10:22:14,190 - RealEstateAI - INFO - logging_utils - log_info - Function 'clean_column_names': Cleaning column names
2026-05-01 10:22:14,193 - RealEstateAI - INFO - logging_utils - log_info - Function 'clean_column_names': Column names cleaned
2026-05-01 10:22:14,194 - RealEstateAI - INFO - logging_utils - log_info - Function 'handle_missing_values': Starting missing value handling
2026-05-01 10:22:14,200 - RealEstateAI - INFO - logging_utils - log_info - Function 'handle_missing_values': Missing values reduced from 0 to 0
2026-05-01 10:22:14,200 - RealEstateAI - INFO - logging_utils - log_info - Function 'handle_duplicates': Checking for duplicates
2026-05-01 10:22:14,200 - RealEstateAI - INFO - logging_utils - log_info - Function 'handle_duplicates': Removed 0 duplicate rows
2026-05-01 10:22:14,200 - RealEstateAI - INFO - logging_utils - log_info - Function 'clean_square_footage': Starting square footage cleaning
2026-05-01 10:22:14,200 - RealEstateAI - INFO - logging_utils - log_info - Function 'clean_square_footage': Square footage cleaned. Rows remaining: 1
2026-05-01 10:22:14,200 - RealEstateAI - INFO - logging_utils - log_info - Function 'extract_bhk': Extracting BHK values
2026-05-01 10:22:14,200 - RealEstateAI - WARNING - logging_utils - log_warning - Function 'extract_bhk': size column not found
2026-05-01 10:22:14,200 - RealEstateAI - INFO - logging_utils - log_info - Function 'calculate_price_per_sqft': Calculating price per sqft
2026-05-01 10:22:14,200 - RealEstateAI - INFO - logging_utils - log_info - Function 'calculate_total_rooms': Calculating total rooms
2026-05-01 10:22:14,206 - RealEstateAI - INFO - logging_utils - log_info - Function 'calculate_total_rooms': Total rooms calculated. Range: 4 - 4
2026-05-01 10:22:14,206 - RealEstateAI - INFO - logging_utils - log_info - Function 'preprocess': Preprocessing complete. Rows: 1 -> 1
2026-05-01 10:22:14,206 - RealEstateAI - INFO - logging_utils - log_info - Function 'create_all_features': Starting complete feature engineering
2026-05-01 10:22:14,206 - RealEstateAI - INFO - logging_utils - log_info - Function 'create_price_per_sqft_feature': Creating price per sqft feature
2026-05-01 10:22:14,206 - RealEstateAI - INFO - logging_utils - log_info - Function 'create_bhk_category': Creating BHK category feature
2026-05-01 10:22:14,206 - RealEstateAI - INFO - logging_utils - log_info - Function 'create_total_rooms': Creating total rooms feature
2026-05-01 10:22:14,213 - RealEstateAI - INFO - logging_utils - log_info - Function 'create_luxury_indicators': Creating luxury indicators
2026-05-01 10:22:14,214 - RealEstateAI - INFO - logging_utils - log_info - Function 'create_area_density_features': Creating area density features
2026-05-01 10:22:14,214 - RealEstateAI - INFO - logging_utils - log_info - Function 'create_locality_frequency_encoding': Creating frequency encoding
2026-05-01 10:22:14,220 - RealEstateAI - INFO - logging_utils - log_info - Function 'create_locality_popularity': Creating popularity score
2026-05-01 10:22:14,223 - RealEstateAI - INFO - logging_utils - log_info - Function 'create_property_segmentation': Creating property segmentation
2026-05-01 10:22:14,223 - RealEstateAI - INFO - logging_utils - log_info - Function 'create_premium_area_classification': Creating premium area classification
2026-05-01 10:22:14,223 - RealEstateAI - INFO - logging_utils - log_info - Function 'create_affordability_metrics': Creating affordability metrics
2026-05-01 10:22:14,223 - RealEstateAI - INFO - logging_utils - log_info - Function 'create_investment_score': Creating investment score
2026-05-01 10:22:14,223 - RealEstateAI - INFO - logging_utils - log_info - Function 'create_time_features': Creating time features
2026-05-01 10:22:14,223 - RealEstateAI - INFO - logging_utils - log_info - Function 'create_interaction_features': Creating interaction features
2026-05-01 10:22:34,300 - RealEstateAI - INFO - logging_utils - log_info - Function 'load_data': Loading data from E:\Jupyter Notebook\IIT Delhi AI Projects\Machine Learning\House Price Prediction\Bengaluru_House_Data.csv
2026-05-01 10:22:34,336 - RealEstateAI - INFO - logging_utils - log_info - Function 'load_data': Data loaded successfully. Shape: (13320, 9)
2026-05-01 10:22:34,336 - RealEstateAI - INFO - logging_utils - log_info - Function 'preprocess': Starting complete preprocessing pipeline
2026-05-01 10:22:34,336 - RealEstateAI - INFO - logging_utils - log_info - Function 'clean_column_names': Cleaning column names
2026-05-01 10:22:34,340 - RealEstateAI - INFO - logging_utils - log_info - Function 'clean_column_names': Column names cleaned
2026-05-01 10:22:34,340 - RealEstateAI - INFO - logging_utils - log_info - Function 'handle_missing_values': Starting missing value handling
2026-05-01 10:22:34,351 - RealEstateAI - INFO - logging_utils - log_info - Function 'handle_missing_values': Missing values reduced from 6201 to 16
2026-05-01 10:22:34,351 - RealEstateAI - INFO - logging_utils - log_info - Function 'handle_duplicates': Checking for duplicates
2026-05-01 10:22:34,365 - RealEstateAI - INFO - logging_utils - log_info - Function 'handle_duplicates': Removed 530 duplicate rows
2026-05-01 10:22:34,365 - RealEstateAI - INFO - logging_utils - log_info - Function 'clean_square_footage': Starting square footage cleaning
2026-05-01 10:22:34,379 - RealEstateAI - INFO - logging_utils - log_info - Function 'clean_square_footage': Square footage cleaned. Rows remaining: 12784
2026-05-01 10:22:34,379 - RealEstateAI - INFO - logging_utils - log_info - Function 'extract_bhk': Extracting BHK values
2026-05-01 10:22:34,411 - RealEstateAI - INFO - logging_utils - log_info - Function 'extract_bhk': BHK extracted. BHK distribution: {2.0: 5244, 3.0: 4655, 4.0: 1398, 1.0: 636, 5.0: 349, 6.0: 220, 7.0: 99, 8.0: 88, 9.0: 53, 10.0: 14, 11.0: 4, 27.0: 1, 19.0: 1, 16.0: 1, 43.0: 1, 14.0: 1, 12.0: 1, 13.0: 1, 18.0: 1}
2026-05-01 10:22:34,411 - RealEstateAI - INFO - logging_utils - log_info - Function 'calculate_price_per_sqft': Calculating price per sqft
2026-05-01 10:22:34,411 - RealEstateAI - INFO - logging_utils - log_info - Function 'calculate_price_per_sqft': Price per sqft calculated. Range: 2.26 - 12000000.00
2026-05-01 10:22:34,411 - RealEstateAI - INFO - logging_utils - log_info - Function 'calculate_total_rooms': Calculating total rooms
2026-05-01 10:22:34,411 - RealEstateAI - INFO - logging_utils - log_info - Function 'calculate_total_rooms': Total rooms calculated. Range: 2 - 83
2026-05-01 10:22:34,411 - RealEstateAI - INFO - logging_utils - log_info - Function 'detect_outliers': Detecting outliers using iqr method
2026-05-01 10:22:34,423 - RealEstateAI - INFO - logging_utils - log_info - Function 'detect_outliers': Removed 2181 outliers. Rows remaining: 10587
2026-05-01 10:22:34,423 - RealEstateAI - INFO - logging_utils - log_info - Function 'preprocess': Preprocessing complete. Rows: 13320 -> 10587
2026-05-01 10:22:34,423 - RealEstateAI - INFO - logging_utils - log_info - Function 'create_all_features': Starting complete feature engineering
2026-05-01 10:22:34,423 - RealEstateAI - INFO - logging_utils - log_info - Function 'create_price_per_sqft_feature': Creating price per sqft feature
2026-05-01 10:22:34,428 - RealEstateAI - INFO - logging_utils - log_info - Function 'create_bhk_category': Creating BHK category feature
2026-05-01 10:22:34,432 - RealEstateAI - INFO - logging_utils - log_info - Function 'create_total_rooms': Creating total rooms feature
2026-05-01 10:22:34,436 - RealEstateAI - INFO - logging_utils - log_info - Function 'create_luxury_indicators': Creating luxury indicators
2026-05-01 10:22:34,438 - RealEstateAI - INFO - logging_utils - log_info - Function 'create_area_density_features': Creating area density features
2026-05-01 10:22:34,451 - RealEstateAI - INFO - logging_utils - log_info - Function 'create_locality_frequency_encoding': Creating frequency encoding
2026-05-01 10:22:34,462 - RealEstateAI - INFO - logging_utils - log_info - Function 'create_locality_popularity': Creating popularity score
2026-05-01 10:22:34,472 - RealEstateAI - INFO - logging_utils - log_info - Function 'create_property_segmentation': Creating property segmentation
2026-05-01 10:22:34,478 - RealEstateAI - INFO - logging_utils - log_info - Function 'create_premium_area_classification': Creating premium area classification
2026-05-01 10:22:34,484 - RealEstateAI - INFO - logging_utils - log_info - Function 'create_affordability_metrics': Creating affordability metrics
2026-05-01 10:22:34,484 - RealEstateAI - INFO - logging_utils - log_info - Function 'create_investment_score': Creating investment score
2026-05-01 10:22:34,512 - RealEstateAI - INFO - logging_utils - log_info - Function 'create_time_features': Creating time features
2026-05-01 10:22:34,534 - RealEstateAI - INFO - logging_utils - log_info - Function 'create_interaction_features': Creating interaction features
2026-05-01 10:22:34,537 - RealEstateAI - INFO - logging_utils - log_info - Function 'detect_all_anomalies': Starting complete anomaly detection
2026-05-01 10:22:34,538 - RealEstateAI - INFO - logging_utils - log_info - Function 'detect_anomalies_isolation_forest': Starting Isolation Forest anomaly detection
2026-05-01 10:22:34,878 - RealEstateAI - INFO - logging_utils - log_info - Function 'detect_anomalies_isolation_forest': Found 530 anomalies (5.01%)
2026-05-01 10:22:34,878 - RealEstateAI - INFO - logging_utils - log_info - Function 'detect_anomalies_lof': Starting LOF anomaly detection
2026-05-01 10:22:35,018 - RealEstateAI - INFO - logging_utils - log_info - Function 'detect_anomalies_lof': Found 530 anomalies (5.01%)
2026-05-01 10:22:35,018 - RealEstateAI - INFO - logging_utils - log_info - Function 'detect_overpriced_properties': Detecting overpriced properties
2026-05-01 10:22:36,403 - RealEstateAI - INFO - logging_utils - log_info - Function 'detect_overpriced_properties': Found 259 overpriced properties
2026-05-01 10:22:36,403 - RealEstateAI - INFO - logging_utils - log_info - Function 'detect_underpriced_properties': Detecting underpriced properties
2026-05-01 10:22:37,742 - RealEstateAI - INFO - logging_utils - log_info - Function 'detect_underpriced_properties': Found 58 underpriced properties
2026-05-01 10:22:37,743 - RealEstateAI - INFO - logging_utils - log_info - Function 'detect_suspicious_listings': Detecting suspicious listings
2026-05-01 10:22:37,745 - RealEstateAI - INFO - logging_utils - log_info - Function 'detect_suspicious_listings': Found 268 suspicious listings
2026-05-01 10:22:37,745 - RealEstateAI - INFO - logging_utils - log_info - Function 'detect_anomalies_statistical': Starting statistical anomaly detection
2026-05-01 10:22:37,763 - RealEstateAI - INFO - logging_utils - log_info - Function 'detect_all_anomalies': Combined: 1466 anomalies (13.85%)
2026-05-01 10:22:37,763 - RealEstateAI - INFO - logging_utils - log_info - Function 'calculate_investment_score': Starting investment score calculation
2026-05-01 10:22:37,778 - RealEstateAI - INFO - logging_utils - log_info - Function 'calculate_investment_score': Investment scores calculated. Range: 0.289 - 0.874
2026-05-01 10:22:37,795 - RealEstateAI - INFO - logging_utils - log_info - Function 'create_composite_score': Creating composite score
2026-05-01 10:22:37,795 - RealEstateAI - WARNING - logging_utils - log_warning - Function 'create_composite_score': Missing column: investment_score
2026-05-01 10:22:37,795 - RealEstateAI - WARNING - logging_utils - log_warning - Function 'create_composite_score': Missing column: popularity_score
2026-05-01 10:22:37,795 - RealEstateAI - WARNING - logging_utils - log_warning - Function 'create_composite_score': Missing column: appreciation_score
2026-05-01 10:22:37,795 - RealEstateAI - WARNING - logging_utils - log_warning - Function 'create_composite_score': Missing column: affordability_index
2026-05-01 10:22:37,795 - RealEstateAI - WARNING - logging_utils - log_warning - Function 'create_composite_score': Missing column: risk_score
2026-05-01 10:22:37,802 - RealEstateAI - INFO - logging_utils - log_info - Function 'create_composite_score': Composite scores calculated. Range: 0.500 - 0.500
2026-05-01 10:22:37,814 - RealEstateAI - INFO - logging_utils - log_info - Function 'load_model': Anomaly detection model loaded from E:\Jupyter Notebook\IIT Delhi AI Projects\Machine Learning\House Price Prediction\models\anomaly_detector.pkl
2026-05-01 10:22:37,814 - RealEstateAI - INFO - logging_utils - log_info - Function 'load_model': Investment scorer loaded from E:\Jupyter Notebook\IIT Delhi AI Projects\Machine Learning\House Price Prediction\models\investment_scorer.pkl
2026-05-01 10:22:37,822 - RealEstateAI - INFO - logging_utils - log_info - Function 'load_model': Model loaded from E:\Jupyter Notebook\IIT Delhi AI Projects\Machine Learning\House Price Prediction\models\best_model.pkl
2026-05-01 10:22:39,454 - RealEstateAI - INFO - logging_utils - log_info - Function 'load_data': Loading data from E:\Jupyter Notebook\IIT Delhi AI Projects\Machine Learning\House Price Prediction\Bengaluru_House_Data.csv
2026-05-01 10:22:39,527 - RealEstateAI - INFO - logging_utils - log_info - Function 'load_data': Data loaded successfully. Shape: (13320, 9)
2026-05-01 10:22:39,527 - RealEstateAI - INFO - logging_utils - log_info - Function 'preprocess': Starting complete preprocessing pipeline
2026-05-01 10:22:39,528 - RealEstateAI - INFO - logging_utils - log_info - Function 'clean_column_names': Cleaning column names
2026-05-01 10:22:39,528 - RealEstateAI - INFO - logging_utils - log_info - Function 'clean_column_names': Column names cleaned
2026-05-01 10:22:39,528 - RealEstateAI - INFO - logging_utils - log_info - Function 'handle_missing_values': Starting missing value handling
2026-05-01 10:22:39,533 - RealEstateAI - INFO - logging_utils - log_info - Function 'handle_missing_values': Missing values reduced from 6201 to 16
2026-05-01 10:22:39,534 - RealEstateAI - INFO - logging_utils - log_info - Function 'handle_duplicates': Checking for duplicates
2026-05-01 10:22:39,550 - RealEstateAI - INFO - logging_utils - log_info - Function 'handle_duplicates': Removed 530 duplicate rows
2026-05-01 10:22:39,550 - RealEstateAI - INFO - logging_utils - log_info - Function 'clean_square_footage': Starting square footage cleaning
2026-05-01 10:22:39,562 - RealEstateAI - INFO - logging_utils - log_info - Function 'clean_square_footage': Square footage cleaned. Rows remaining: 12784
2026-05-01 10:22:39,562 - RealEstateAI - INFO - logging_utils - log_info - Function 'extract_bhk': Extracting BHK values
2026-05-01 10:22:39,577 - RealEstateAI - INFO - logging_utils - log_info - Function 'extract_bhk': BHK extracted. BHK distribution: {2.0: 5244, 3.0: 4655, 4.0: 1398, 1.0: 636, 5.0: 349, 6.0: 220, 7.0: 99, 8.0: 88, 9.0: 53, 10.0: 14, 11.0: 4, 27.0: 1, 19.0: 1, 16.0: 1, 43.0: 1, 14.0: 1, 12.0: 1, 13.0: 1, 18.0: 1}
2026-05-01 10:22:39,577 - RealEstateAI - INFO - logging_utils - log_info - Function 'calculate_price_per_sqft': Calculating price per sqft
2026-05-01 10:22:39,588 - RealEstateAI - INFO - logging_utils - log_info - Function 'calculate_price_per_sqft': Price per sqft calculated. Range: 2.26 - 12000000.00
2026-05-01 10:22:39,588 - RealEstateAI - INFO - logging_utils - log_info - Function 'calculate_total_rooms': Calculating total rooms
2026-05-01 10:22:39,588 - RealEstateAI - INFO - logging_utils - log_info - Function 'calculate_total_rooms': Total rooms calculated. Range: 2 - 83
2026-05-01 10:22:39,589 - RealEstateAI - INFO - logging_utils - log_info - Function 'detect_outliers': Detecting outliers using iqr method
2026-05-01 10:22:39,596 - RealEstateAI - INFO - logging_utils - log_info - Function 'detect_outliers': Removed 2181 outliers. Rows remaining: 10587
2026-05-01 10:22:39,596 - RealEstateAI - INFO - logging_utils - log_info - Function 'preprocess': Preprocessing complete. Rows: 13320 -> 10587
2026-05-01 10:22:39,596 - RealEstateAI - INFO - logging_utils - log_info - Function 'create_all_features': Starting complete feature engineering
2026-05-01 10:22:39,596 - RealEstateAI - INFO - logging_utils - log_info - Function 'create_price_per_sqft_feature': Creating price per sqft feature
2026-05-01 10:22:39,602 - RealEstateAI - INFO - logging_utils - log_info - Function 'create_bhk_category': Creating BHK category feature
2026-05-01 10:22:39,604 - RealEstateAI - INFO - logging_utils - log_info - Function 'create_total_rooms': Creating total rooms feature
2026-05-01 10:22:39,608 - RealEstateAI - INFO - logging_utils - log_info - Function 'create_luxury_indicators': Creating luxury indicators
2026-05-01 10:22:39,610 - RealEstateAI - INFO - logging_utils - log_info - Function 'create_area_density_features': Creating area density features
2026-05-01 10:22:39,623 - RealEstateAI - INFO - logging_utils - log_info - Function 'create_locality_frequency_encoding': Creating frequency encoding
2026-05-01 10:22:39,631 - RealEstateAI - INFO - logging_utils - log_info - Function 'create_locality_popularity': Creating popularity score
2026-05-01 10:22:39,634 - RealEstateAI - INFO - logging_utils - log_info - Function 'create_property_segmentation': Creating property segmentation
2026-05-01 10:22:39,646 - RealEstateAI - INFO - logging_utils - log_info - Function 'create_premium_area_classification': Creating premium area classification
2026-05-01 10:22:39,648 - RealEstateAI - INFO - logging_utils - log_info - Function 'create_affordability_metrics': Creating affordability metrics
2026-05-01 10:22:39,656 - RealEstateAI - INFO - logging_utils - log_info - Function 'create_investment_score': Creating investment score
2026-05-01 10:22:39,663 - RealEstateAI - INFO - logging_utils - log_info - Function 'create_time_features': Creating time features
2026-05-01 10:22:39,698 - RealEstateAI - INFO - logging_utils - log_info - Function 'create_interaction_features': Creating interaction features
2026-05-01 10:22:39,700 - RealEstateAI - INFO - logging_utils - log_info - Function 'detect_all_anomalies': Starting complete anomaly detection
2026-05-01 10:22:39,700 - RealEstateAI - INFO - logging_utils - log_info - Function 'detect_anomalies_isolation_forest': Starting Isolation Forest anomaly detection
2026-05-01 10:22:40,013 - RealEstateAI - INFO - logging_utils - log_info - Function 'detect_anomalies_isolation_forest': Found 530 anomalies (5.01%)
2026-05-01 10:22:40,013 - RealEstateAI - INFO - logging_utils - log_info - Function 'detect_anomalies_lof': Starting LOF anomaly detection
2026-05-01 10:22:40,160 - RealEstateAI - INFO - logging_utils - log_info - Function 'detect_anomalies_lof': Found 530 anomalies (5.01%)
2026-05-01 10:22:40,160 - RealEstateAI - INFO - logging_utils - log_info - Function 'detect_overpriced_properties': Detecting overpriced properties
2026-05-01 10:22:41,606 - RealEstateAI - INFO - logging_utils - log_info - Function 'detect_overpriced_properties': Found 259 overpriced properties
2026-05-01 10:22:41,606 - RealEstateAI - INFO - logging_utils - log_info - Function 'detect_underpriced_properties': Detecting underpriced properties
2026-05-01 10:22:42,887 - RealEstateAI - INFO - logging_utils - log_info - Function 'detect_underpriced_properties': Found 58 underpriced properties
2026-05-01 10:22:42,888 - RealEstateAI - INFO - logging_utils - log_info - Function 'detect_suspicious_listings': Detecting suspicious listings
2026-05-01 10:22:42,898 - RealEstateAI - INFO - logging_utils - log_info - Function 'detect_suspicious_listings': Found 268 suspicious listings
2026-05-01 10:22:42,899 - RealEstateAI - INFO - logging_utils - log_info - Function 'detect_anomalies_statistical': Starting statistical anomaly detection
2026-05-01 10:22:42,906 - RealEstateAI - INFO - logging_utils - log_info - Function 'detect_all_anomalies': Combined: 1466 anomalies (13.85%)
2026-05-01 10:22:42,908 - RealEstateAI - INFO - logging_utils - log_info - Function 'calculate_investment_score': Starting investment score calculation
2026-05-01 10:22:42,935 - RealEstateAI - INFO - logging_utils - log_info - Function 'calculate_investment_score': Investment scores calculated. Range: 0.289 - 0.874
2026-05-01 10:22:42,937 - RealEstateAI - INFO - logging_utils - log_info - Function 'create_composite_score': Creating composite score
2026-05-01 10:22:42,938 - RealEstateAI - WARNING - logging_utils - log_warning - Function 'create_composite_score': Missing column: investment_score
2026-05-01 10:22:42,938 - RealEstateAI - WARNING - logging_utils - log_warning - Function 'create_composite_score': Missing column: popularity_score
2026-05-01 10:22:42,939 - RealEstateAI - WARNING - logging_utils - log_warning - Function 'create_composite_score': Missing column: appreciation_score
2026-05-01 10:22:42,939 - RealEstateAI - WARNING - logging_utils - log_warning - Function 'create_composite_score': Missing column: affordability_index
2026-05-01 10:22:42,939 - RealEstateAI - WARNING - logging_utils - log_warning - Function 'create_composite_score': Missing column: risk_score
2026-05-01 10:22:42,949 - RealEstateAI - INFO - logging_utils - log_info - Function 'create_composite_score': Composite scores calculated. Range: 0.500 - 0.500
2026-05-01 10:22:42,958 - RealEstateAI - INFO - logging_utils - log_info - Function 'load_model': Anomaly detection model loaded from E:\Jupyter Notebook\IIT Delhi AI Projects\Machine Learning\House Price Prediction\models\anomaly_detector.pkl
2026-05-01 10:22:42,962 - RealEstateAI - INFO - logging_utils - log_info - Function 'load_model': Investment scorer loaded from E:\Jupyter Notebook\IIT Delhi AI Projects\Machine Learning\House Price Prediction\models\investment_scorer.pkl
2026-05-01 10:22:42,966 - RealEstateAI - INFO - logging_utils - log_info - Function 'load_model': Model loaded from E:\Jupyter Notebook\IIT Delhi AI Projects\Machine Learning\House Price Prediction\models\best_model.pkl
2026-05-01 10:22:42,982 - RealEstateAI - INFO - logging_utils - log_info - Function 'preprocess': Starting complete preprocessing pipeline
2026-05-01 10:22:42,982 - RealEstateAI - INFO - logging_utils - log_info - Function 'clean_column_names': Cleaning column names
2026-05-01 10:22:42,983 - RealEstateAI - INFO - logging_utils - log_info - Function 'clean_column_names': Column names cleaned
2026-05-01 10:22:42,984 - RealEstateAI - INFO - logging_utils - log_info - Function 'handle_missing_values': Starting missing value handling
2026-05-01 10:22:42,987 - RealEstateAI - INFO - logging_utils - log_info - Function 'handle_missing_values': Missing values reduced from 0 to 0
2026-05-01 10:22:42,988 - RealEstateAI - INFO - logging_utils - log_info - Function 'handle_duplicates': Checking for duplicates
2026-05-01 10:22:42,990 - RealEstateAI - INFO - logging_utils - log_info - Function 'handle_duplicates': Removed 0 duplicate rows
2026-05-01 10:22:42,990 - RealEstateAI - INFO - logging_utils - log_info - Function 'clean_square_footage': Starting square footage cleaning
2026-05-01 10:22:42,992 - RealEstateAI - INFO - logging_utils - log_info - Function 'clean_square_footage': Square footage cleaned. Rows remaining: 1
2026-05-01 10:22:42,993 - RealEstateAI - INFO - logging_utils - log_info - Function 'extract_bhk': Extracting BHK values
2026-05-01 10:22:42,994 - RealEstateAI - WARNING - logging_utils - log_warning - Function 'extract_bhk': size column not found
2026-05-01 10:22:42,995 - RealEstateAI - INFO - logging_utils - log_info - Function 'calculate_price_per_sqft': Calculating price per sqft
2026-05-01 10:22:42,996 - RealEstateAI - INFO - logging_utils - log_info - Function 'calculate_total_rooms': Calculating total rooms
2026-05-01 10:22:42,998 - RealEstateAI - INFO - logging_utils - log_info - Function 'calculate_total_rooms': Total rooms calculated. Range: 4 - 4
2026-05-01 10:22:42,998 - RealEstateAI - INFO - logging_utils - log_info - Function 'preprocess': Preprocessing complete. Rows: 1 -> 1
2026-05-01 10:22:42,998 - RealEstateAI - INFO - logging_utils - log_info - Function 'create_all_features': Starting complete feature engineering
2026-05-01 10:22:42,999 - RealEstateAI - INFO - logging_utils - log_info - Function 'create_price_per_sqft_feature': Creating price per sqft feature
2026-05-01 10:22:42,999 - RealEstateAI - INFO - logging_utils - log_info - Function 'create_bhk_category': Creating BHK category feature
2026-05-01 10:22:43,000 - RealEstateAI - INFO - logging_utils - log_info - Function 'create_total_rooms': Creating total rooms feature
2026-05-01 10:22:43,002 - RealEstateAI - INFO - logging_utils - log_info - Function 'create_luxury_indicators': Creating luxury indicators
2026-05-01 10:22:43,002 - RealEstateAI - INFO - logging_utils - log_info - Function 'create_area_density_features': Creating area density features
2026-05-01 10:22:43,002 - RealEstateAI - INFO - logging_utils - log_info - Function 'create_locality_frequency_encoding': Creating frequency encoding
2026-05-01 10:22:43,009 - RealEstateAI - INFO - logging_utils - log_info - Function 'create_locality_popularity': Creating popularity score
2026-05-01 10:22:43,010 - RealEstateAI - INFO - logging_utils - log_info - Function 'create_property_segmentation': Creating property segmentation
2026-05-01 10:22:43,012 - RealEstateAI - INFO - logging_utils - log_info - Function 'create_premium_area_classification': Creating premium area classification
2026-05-01 10:22:43,012 - RealEstateAI - INFO - logging_utils - log_info - Function 'create_affordability_metrics': Creating affordability metrics
2026-05-01 10:22:43,012 - RealEstateAI - INFO - logging_utils - log_info - Function 'create_investment_score': Creating investment score
2026-05-01 10:22:43,012 - RealEstateAI - INFO - logging_utils - log_info - Function 'create_time_features': Creating time features
2026-05-01 10:22:43,012 - RealEstateAI - INFO - logging_utils - log_info - Function 'create_interaction_features': Creating interaction features
2026-05-01 10:23:48,225 - RealEstateAI - INFO - logging_utils - log_info - Function 'save_preprocessor': Preprocessor saved to E:\Jupyter Notebook\IIT Delhi AI Projects\Machine Learning\House Price Prediction\models\preprocessor.pkl
2026-05-01 10:23:48,225 - RealEstateAI - INFO - logging_utils - log_info - Function 'load_preprocessor': Preprocessor loaded from E:\Jupyter Notebook\IIT Delhi AI Projects\Machine Learning\House Price Prediction\models\preprocessor.pkl
2026-05-01 10:23:52,513 - RealEstateAI - INFO - logging_utils - log_info - Function 'load_preprocessor': Preprocessor loaded from E:\Jupyter Notebook\IIT Delhi AI Projects\Machine Learning\House Price Prediction\models\preprocessor.pkl
2026-05-01 10:23:52,513 - RealEstateAI - INFO - logging_utils - log_info - Function 'load_model': Anomaly detection model loaded from E:\Jupyter Notebook\IIT Delhi AI Projects\Machine Learning\House Price Prediction\models\anomaly_detector.pkl
2026-05-01 10:23:52,513 - RealEstateAI - INFO - logging_utils - log_info - Function 'load_model': Investment scorer loaded from E:\Jupyter Notebook\IIT Delhi AI Projects\Machine Learning\House Price Prediction\models\investment_scorer.pkl
2026-05-01 10:23:52,530 - RealEstateAI - INFO - logging_utils - log_info - Function 'load_model': Model loaded from E:\Jupyter Notebook\IIT Delhi AI Projects\Machine Learning\House Price Prediction\models\best_model.pkl
2026-05-01 10:23:57,248 - RealEstateAI - INFO - logging_utils - log_info - Function 'load_preprocessor': Preprocessor loaded from E:\Jupyter Notebook\IIT Delhi AI Projects\Machine Learning\House Price Prediction\models\preprocessor.pkl
2026-05-01 10:24:09,912 - RealEstateAI - INFO - logging_utils - log_info - Function 'load_data': Loading data from E:\Jupyter Notebook\IIT Delhi AI Projects\Machine Learning\House Price Prediction\Bengaluru_House_Data.csv
2026-05-01 10:24:09,951 - RealEstateAI - INFO - logging_utils - log_info - Function 'load_data': Data loaded successfully. Shape: (13320, 9)
2026-05-01 10:24:09,955 - RealEstateAI - INFO - logging_utils - log_info - Function 'preprocess': Starting complete preprocessing pipeline
2026-05-01 10:24:09,955 - RealEstateAI - INFO - logging_utils - log_info - Function 'clean_column_names': Cleaning column names
2026-05-01 10:24:09,955 - RealEstateAI - INFO - logging_utils - log_info - Function 'clean_column_names': Column names cleaned
2026-05-01 10:24:09,955 - RealEstateAI - INFO - logging_utils - log_info - Function 'handle_missing_values': Starting missing value handling
2026-05-01 10:24:09,967 - RealEstateAI - INFO - logging_utils - log_info - Function 'handle_missing_values': Missing values reduced from 6201 to 16
2026-05-01 10:24:09,967 - RealEstateAI - INFO - logging_utils - log_info - Function 'handle_duplicates': Checking for duplicates
2026-05-01 10:24:09,999 - RealEstateAI - INFO - logging_utils - log_info - Function 'handle_duplicates': Removed 530 duplicate rows
2026-05-01 10:24:09,999 - RealEstateAI - INFO - logging_utils - log_info - Function 'clean_square_footage': Starting square footage cleaning
2026-05-01 10:24:10,012 - RealEstateAI - INFO - logging_utils - log_info - Function 'clean_square_footage': Square footage cleaned. Rows remaining: 12784
2026-05-01 10:24:10,013 - RealEstateAI - INFO - logging_utils - log_info - Function 'extract_bhk': Extracting BHK values
2026-05-01 10:24:10,035 - RealEstateAI - INFO - logging_utils - log_info - Function 'extract_bhk': BHK extracted. BHK distribution: {2.0: 5244, 3.0: 4655, 4.0: 1398, 1.0: 636, 5.0: 349, 6.0: 220, 7.0: 99, 8.0: 88, 9.0: 53, 10.0: 14, 11.0: 4, 27.0: 1, 19.0: 1, 16.0: 1, 43.0: 1, 14.0: 1, 12.0: 1, 13.0: 1, 18.0: 1}
2026-05-01 10:24:10,035 - RealEstateAI - INFO - logging_utils - log_info - Function 'calculate_price_per_sqft': Calculating price per sqft
2026-05-01 10:24:10,035 - RealEstateAI - INFO - logging_utils - log_info - Function 'calculate_price_per_sqft': Price per sqft calculated. Range: 2.26 - 12000000.00
2026-05-01 10:24:10,035 - RealEstateAI - INFO - logging_utils - log_info - Function 'calculate_total_rooms': Calculating total rooms
2026-05-01 10:24:10,035 - RealEstateAI - INFO - logging_utils - log_info - Function 'calculate_total_rooms': Total rooms calculated. Range: 2 - 83
2026-05-01 10:24:10,035 - RealEstateAI - INFO - logging_utils - log_info - Function 'detect_outliers': Detecting outliers using iqr method
2026-05-01 10:24:10,046 - RealEstateAI - INFO - logging_utils - log_info - Function 'detect_outliers': Removed 2181 outliers. Rows remaining: 10587
2026-05-01 10:24:10,046 - RealEstateAI - INFO - logging_utils - log_info - Function 'preprocess': Preprocessing complete. Rows: 13320 -> 10587
2026-05-01 10:24:10,046 - RealEstateAI - INFO - logging_utils - log_info - Function 'create_all_features': Starting complete feature engineering
2026-05-01 10:24:10,046 - RealEstateAI - INFO - logging_utils - log_info - Function 'create_price_per_sqft_feature': Creating price per sqft feature
2026-05-01 10:24:10,049 - RealEstateAI - INFO - logging_utils - log_info - Function 'create_bhk_category': Creating BHK category feature
2026-05-01 10:24:10,050 - RealEstateAI - INFO - logging_utils - log_info - Function 'create_total_rooms': Creating total rooms feature
2026-05-01 10:24:10,050 - RealEstateAI - INFO - logging_utils - log_info - Function 'create_luxury_indicators': Creating luxury indicators
2026-05-01 10:24:10,057 - RealEstateAI - INFO - logging_utils - log_info - Function 'create_area_density_features': Creating area density features
2026-05-01 10:24:10,061 - RealEstateAI - INFO - logging_utils - log_info - Function 'create_locality_frequency_encoding': Creating frequency encoding
2026-05-01 10:24:10,077 - RealEstateAI - INFO - logging_utils - log_info - Function 'create_locality_popularity': Creating popularity score
2026-05-01 10:24:10,089 - RealEstateAI - INFO - logging_utils - log_info - Function 'create_property_segmentation': Creating property segmentation
2026-05-01 10:24:10,095 - RealEstateAI - INFO - logging_utils - log_info - Function 'create_premium_area_classification': Creating premium area classification
2026-05-01 10:24:10,104 - RealEstateAI - INFO - logging_utils - log_info - Function 'create_affordability_metrics': Creating affordability metrics
2026-05-01 10:24:10,105 - RealEstateAI - INFO - logging_utils - log_info - Function 'create_investment_score': Creating investment score
2026-05-01 10:24:10,130 - RealEstateAI - INFO - logging_utils - log_info - Function 'create_time_features': Creating time features
2026-05-01 10:24:10,147 - RealEstateAI - INFO - logging_utils - log_info - Function 'create_interaction_features': Creating interaction features
2026-05-01 10:24:10,153 - RealEstateAI - INFO - logging_utils - log_info - Function 'detect_all_anomalies': Starting complete anomaly detection
2026-05-01 10:24:10,153 - RealEstateAI - INFO - logging_utils - log_info - Function 'detect_anomalies_isolation_forest': Starting Isolation Forest anomaly detection
2026-05-01 10:24:10,459 - RealEstateAI - INFO - logging_utils - log_info - Function 'detect_anomalies_isolation_forest': Found 530 anomalies (5.01%)
2026-05-01 10:24:10,459 - RealEstateAI - INFO - logging_utils - log_info - Function 'detect_anomalies_lof': Starting LOF anomaly detection
2026-05-01 10:24:10,614 - RealEstateAI - INFO - logging_utils - log_info - Function 'detect_anomalies_lof': Found 530 anomalies (5.01%)
2026-05-01 10:24:10,614 - RealEstateAI - INFO - logging_utils - log_info - Function 'detect_overpriced_properties': Detecting overpriced properties
2026-05-01 10:24:11,959 - RealEstateAI - INFO - logging_utils - log_info - Function 'detect_overpriced_properties': Found 259 overpriced properties
2026-05-01 10:24:11,959 - RealEstateAI - INFO - logging_utils - log_info - Function 'detect_underpriced_properties': Detecting underpriced properties
2026-05-01 10:24:13,401 - RealEstateAI - INFO - logging_utils - log_info - Function 'detect_underpriced_properties': Found 58 underpriced properties
2026-05-01 10:24:13,401 - RealEstateAI - INFO - logging_utils - log_info - Function 'detect_suspicious_listings': Detecting suspicious listings
2026-05-01 10:24:13,411 - RealEstateAI - INFO - logging_utils - log_info - Function 'detect_suspicious_listings': Found 268 suspicious listings
2026-05-01 10:24:13,411 - RealEstateAI - INFO - logging_utils - log_info - Function 'detect_anomalies_statistical': Starting statistical anomaly detection
2026-05-01 10:24:13,421 - RealEstateAI - INFO - logging_utils - log_info - Function 'detect_all_anomalies': Combined: 1466 anomalies (13.85%)
2026-05-01 10:24:13,423 - RealEstateAI - INFO - logging_utils - log_info - Function 'calculate_investment_score': Starting investment score calculation
2026-05-01 10:24:13,450 - RealEstateAI - INFO - logging_utils - log_info - Function 'calculate_investment_score': Investment scores calculated. Range: 0.289 - 0.874
2026-05-01 10:24:13,452 - RealEstateAI - INFO - logging_utils - log_info - Function 'create_composite_score': Creating composite score
2026-05-01 10:24:13,453 - RealEstateAI - WARNING - logging_utils - log_warning - Function 'create_composite_score': Missing column: investment_score
2026-05-01 10:24:13,453 - RealEstateAI - WARNING - logging_utils - log_warning - Function 'create_composite_score': Missing column: popularity_score
2026-05-01 10:24:13,454 - RealEstateAI - WARNING - logging_utils - log_warning - Function 'create_composite_score': Missing column: appreciation_score
2026-05-01 10:24:13,454 - RealEstateAI - WARNING - logging_utils - log_warning - Function 'create_composite_score': Missing column: affordability_index
2026-05-01 10:24:13,454 - RealEstateAI - WARNING - logging_utils - log_warning - Function 'create_composite_score': Missing column: risk_score
2026-05-01 10:24:13,464 - RealEstateAI - INFO - logging_utils - log_info - Function 'create_composite_score': Composite scores calculated. Range: 0.500 - 0.500
2026-05-01 10:24:13,466 - RealEstateAI - INFO - logging_utils - log_info - Function 'load_preprocessor': Preprocessor loaded from E:\Jupyter Notebook\IIT Delhi AI Projects\Machine Learning\House Price Prediction\models\preprocessor.pkl
2026-05-01 10:24:13,471 - RealEstateAI - INFO - logging_utils - log_info - Function 'load_model': Anomaly detection model loaded from E:\Jupyter Notebook\IIT Delhi AI Projects\Machine Learning\House Price Prediction\models\anomaly_detector.pkl
2026-05-01 10:24:13,472 - RealEstateAI - INFO - logging_utils - log_info - Function 'load_model': Investment scorer loaded from E:\Jupyter Notebook\IIT Delhi AI Projects\Machine Learning\House Price Prediction\models\investment_scorer.pkl
2026-05-01 10:24:13,477 - RealEstateAI - INFO - logging_utils - log_info - Function 'load_model': Model loaded from E:\Jupyter Notebook\IIT Delhi AI Projects\Machine Learning\House Price Prediction\models\best_model.pkl
2026-05-01 10:24:13,512 - RealEstateAI - INFO - logging_utils - log_info - Function 'create_price_distribution_plot': Creating price distribution plot
2026-05-01 10:24:15,327 - RealEstateAI - INFO - logging_utils - log_info - Function 'load_data': Loading data from E:\Jupyter Notebook\IIT Delhi AI Projects\Machine Learning\House Price Prediction\Bengaluru_House_Data.csv
2026-05-01 10:24:15,355 - RealEstateAI - INFO - logging_utils - log_info - Function 'load_data': Data loaded successfully. Shape: (13320, 9)
2026-05-01 10:24:15,355 - RealEstateAI - INFO - logging_utils - log_info - Function 'preprocess': Starting complete preprocessing pipeline
2026-05-01 10:24:15,355 - RealEstateAI - INFO - logging_utils - log_info - Function 'clean_column_names': Cleaning column names
2026-05-01 10:24:15,355 - RealEstateAI - INFO - logging_utils - log_info - Function 'clean_column_names': Column names cleaned
2026-05-01 10:24:15,355 - RealEstateAI - INFO - logging_utils - log_info - Function 'handle_missing_values': Starting missing value handling
2026-05-01 10:24:15,364 - RealEstateAI - INFO - logging_utils - log_info - Function 'handle_missing_values': Missing values reduced from 6201 to 16
2026-05-01 10:24:15,364 - RealEstateAI - INFO - logging_utils - log_info - Function 'handle_duplicates': Checking for duplicates
2026-05-01 10:24:15,385 - RealEstateAI - INFO - logging_utils - log_info - Function 'handle_duplicates': Removed 530 duplicate rows
2026-05-01 10:24:15,386 - RealEstateAI - INFO - logging_utils - log_info - Function 'clean_square_footage': Starting square footage cleaning
2026-05-01 10:24:15,411 - RealEstateAI - INFO - logging_utils - log_info - Function 'clean_square_footage': Square footage cleaned. Rows remaining: 12784
2026-05-01 10:24:15,411 - RealEstateAI - INFO - logging_utils - log_info - Function 'extract_bhk': Extracting BHK values
2026-05-01 10:24:15,430 - RealEstateAI - INFO - logging_utils - log_info - Function 'extract_bhk': BHK extracted. BHK distribution: {2.0: 5244, 3.0: 4655, 4.0: 1398, 1.0: 636, 5.0: 349, 6.0: 220, 7.0: 99, 8.0: 88, 9.0: 53, 10.0: 14, 11.0: 4, 27.0: 1, 19.0: 1, 16.0: 1, 43.0: 1, 14.0: 1, 12.0: 1, 13.0: 1, 18.0: 1}
2026-05-01 10:24:15,430 - RealEstateAI - INFO - logging_utils - log_info - Function 'calculate_price_per_sqft': Calculating price per sqft
2026-05-01 10:24:15,435 - RealEstateAI - INFO - logging_utils - log_info - Function 'calculate_price_per_sqft': Price per sqft calculated. Range: 2.26 - 12000000.00
2026-05-01 10:24:15,435 - RealEstateAI - INFO - logging_utils - log_info - Function 'calculate_total_rooms': Calculating total rooms
2026-05-01 10:24:15,435 - RealEstateAI - INFO - logging_utils - log_info - Function 'calculate_total_rooms': Total rooms calculated. Range: 2 - 83
2026-05-01 10:24:15,436 - RealEstateAI - INFO - logging_utils - log_info - Function 'detect_outliers': Detecting outliers using iqr method
2026-05-01 10:24:15,445 - RealEstateAI - INFO - logging_utils - log_info - Function 'detect_outliers': Removed 2181 outliers. Rows remaining: 10587
2026-05-01 10:24:15,446 - RealEstateAI - INFO - logging_utils - log_info - Function 'preprocess': Preprocessing complete. Rows: 13320 -> 10587
2026-05-01 10:24:15,446 - RealEstateAI - INFO - logging_utils - log_info - Function 'create_all_features': Starting complete feature engineering
2026-05-01 10:24:15,446 - RealEstateAI - INFO - logging_utils - log_info - Function 'create_price_per_sqft_feature': Creating price per sqft feature
2026-05-01 10:24:15,448 - RealEstateAI - INFO - logging_utils - log_info - Function 'create_bhk_category': Creating BHK category feature
2026-05-01 10:24:15,450 - RealEstateAI - INFO - logging_utils - log_info - Function 'create_total_rooms': Creating total rooms feature
2026-05-01 10:24:15,453 - RealEstateAI - INFO - logging_utils - log_info - Function 'create_luxury_indicators': Creating luxury indicators
2026-05-01 10:24:15,456 - RealEstateAI - INFO - logging_utils - log_info - Function 'create_area_density_features': Creating area density features
2026-05-01 10:24:15,469 - RealEstateAI - INFO - logging_utils - log_info - Function 'create_locality_frequency_encoding': Creating frequency encoding
2026-05-01 10:24:15,475 - RealEstateAI - INFO - logging_utils - log_info - Function 'create_locality_popularity': Creating popularity score
2026-05-01 10:24:15,480 - RealEstateAI - INFO - logging_utils - log_info - Function 'create_property_segmentation': Creating property segmentation
2026-05-01 10:24:15,487 - RealEstateAI - INFO - logging_utils - log_info - Function 'create_premium_area_classification': Creating premium area classification
2026-05-01 10:24:15,496 - RealEstateAI - INFO - logging_utils - log_info - Function 'create_affordability_metrics': Creating affordability metrics
2026-05-01 10:24:15,499 - RealEstateAI - INFO - logging_utils - log_info - Function 'create_investment_score': Creating investment score
2026-05-01 10:24:15,514 - RealEstateAI - INFO - logging_utils - log_info - Function 'create_time_features': Creating time features
2026-05-01 10:24:15,528 - RealEstateAI - INFO - logging_utils - log_info - Function 'create_interaction_features': Creating interaction features
2026-05-01 10:24:15,537 - RealEstateAI - INFO - logging_utils - log_info - Function 'detect_all_anomalies': Starting complete anomaly detection
2026-05-01 10:24:15,537 - RealEstateAI - INFO - logging_utils - log_info - Function 'detect_anomalies_isolation_forest': Starting Isolation Forest anomaly detection
2026-05-01 10:24:15,844 - RealEstateAI - INFO - logging_utils - log_info - Function 'detect_anomalies_isolation_forest': Found 530 anomalies (5.01%)
2026-05-01 10:24:15,844 - RealEstateAI - INFO - logging_utils - log_info - Function 'detect_anomalies_lof': Starting LOF anomaly detection
2026-05-01 10:24:15,980 - RealEstateAI - INFO - logging_utils - log_info - Function 'detect_anomalies_lof': Found 530 anomalies (5.01%)
2026-05-01 10:24:15,980 - RealEstateAI - INFO - logging_utils - log_info - Function 'detect_overpriced_properties': Detecting overpriced properties
2026-05-01 10:24:17,337 - RealEstateAI - INFO - logging_utils - log_info - Function 'detect_overpriced_properties': Found 259 overpriced properties
2026-05-01 10:24:17,337 - RealEstateAI - INFO - logging_utils - log_info - Function 'detect_underpriced_properties': Detecting underpriced properties
2026-05-01 10:24:18,722 - RealEstateAI - INFO - logging_utils - log_info - Function 'detect_underpriced_properties': Found 58 underpriced properties
2026-05-01 10:24:18,722 - RealEstateAI - INFO - logging_utils - log_info - Function 'detect_suspicious_listings': Detecting suspicious listings
2026-05-01 10:24:18,739 - RealEstateAI - INFO - logging_utils - log_info - Function 'detect_suspicious_listings': Found 268 suspicious listings
2026-05-01 10:24:18,739 - RealEstateAI - INFO - logging_utils - log_info - Function 'detect_anomalies_statistical': Starting statistical anomaly detection
2026-05-01 10:24:18,744 - RealEstateAI - INFO - logging_utils - log_info - Function 'detect_all_anomalies': Combined: 1466 anomalies (13.85%)
2026-05-01 10:24:18,744 - RealEstateAI - INFO - logging_utils - log_info - Function 'calculate_investment_score': Starting investment score calculation
2026-05-01 10:24:18,776 - RealEstateAI - INFO - logging_utils - log_info - Function 'calculate_investment_score': Investment scores calculated. Range: 0.289 - 0.874
2026-05-01 10:24:18,778 - RealEstateAI - INFO - logging_utils - log_info - Function 'create_composite_score': Creating composite score
2026-05-01 10:24:18,778 - RealEstateAI - WARNING - logging_utils - log_warning - Function 'create_composite_score': Missing column: investment_score
2026-05-01 10:24:18,778 - RealEstateAI - WARNING - logging_utils - log_warning - Function 'create_composite_score': Missing column: popularity_score
2026-05-01 10:24:18,780 - RealEstateAI - WARNING - logging_utils - log_warning - Function 'create_composite_score': Missing column: appreciation_score
2026-05-01 10:24:18,780 - RealEstateAI - WARNING - logging_utils - log_warning - Function 'create_composite_score': Missing column: affordability_index
2026-05-01 10:24:18,780 - RealEstateAI - WARNING - logging_utils - log_warning - Function 'create_composite_score': Missing column: risk_score
2026-05-01 10:24:18,790 - RealEstateAI - INFO - logging_utils - log_info - Function 'create_composite_score': Composite scores calculated. Range: 0.500 - 0.500
2026-05-01 10:24:18,793 - RealEstateAI - INFO - logging_utils - log_info - Function 'load_preprocessor': Preprocessor loaded from E:\Jupyter Notebook\IIT Delhi AI Projects\Machine Learning\House Price Prediction\models\preprocessor.pkl
2026-05-01 10:24:18,799 - RealEstateAI - INFO - logging_utils - log_info - Function 'load_model': Anomaly detection model loaded from E:\Jupyter Notebook\IIT Delhi AI Projects\Machine Learning\House Price Prediction\models\anomaly_detector.pkl
2026-05-01 10:24:18,802 - RealEstateAI - INFO - logging_utils - log_info - Function 'load_model': Investment scorer loaded from E:\Jupyter Notebook\IIT Delhi AI Projects\Machine Learning\House Price Prediction\models\investment_scorer.pkl
2026-05-01 10:24:18,802 - RealEstateAI - INFO - logging_utils - log_info - Function 'load_model': Model loaded from E:\Jupyter Notebook\IIT Delhi AI Projects\Machine Learning\House Price Prediction\models\best_model.pkl
2026-05-01 10:24:21,505 - RealEstateAI - INFO - logging_utils - log_info - Function 'load_data': Loading data from E:\Jupyter Notebook\IIT Delhi AI Projects\Machine Learning\House Price Prediction\Bengaluru_House_Data.csv
2026-05-01 10:24:21,554 - RealEstateAI - INFO - logging_utils - log_info - Function 'load_data': Data loaded successfully. Shape: (13320, 9)
2026-05-01 10:24:21,554 - RealEstateAI - INFO - logging_utils - log_info - Function 'preprocess': Starting complete preprocessing pipeline
2026-05-01 10:24:21,554 - RealEstateAI - INFO - logging_utils - log_info - Function 'clean_column_names': Cleaning column names
2026-05-01 10:24:21,555 - RealEstateAI - INFO - logging_utils - log_info - Function 'clean_column_names': Column names cleaned
2026-05-01 10:24:21,555 - RealEstateAI - INFO - logging_utils - log_info - Function 'handle_missing_values': Starting missing value handling
2026-05-01 10:24:21,562 - RealEstateAI - INFO - logging_utils - log_info - Function 'handle_missing_values': Missing values reduced from 6201 to 16
2026-05-01 10:24:21,562 - RealEstateAI - INFO - logging_utils - log_info - Function 'handle_duplicates': Checking for duplicates
2026-05-01 10:24:21,579 - RealEstateAI - INFO - logging_utils - log_info - Function 'handle_duplicates': Removed 530 duplicate rows
2026-05-01 10:24:21,579 - RealEstateAI - INFO - logging_utils - log_info - Function 'clean_square_footage': Starting square footage cleaning
2026-05-01 10:24:21,589 - RealEstateAI - INFO - logging_utils - log_info - Function 'clean_square_footage': Square footage cleaned. Rows remaining: 12784
2026-05-01 10:24:21,590 - RealEstateAI - INFO - logging_utils - log_info - Function 'extract_bhk': Extracting BHK values
2026-05-01 10:24:21,610 - RealEstateAI - INFO - logging_utils - log_info - Function 'extract_bhk': BHK extracted. BHK distribution: {2.0: 5244, 3.0: 4655, 4.0: 1398, 1.0: 636, 5.0: 349, 6.0: 220, 7.0: 99, 8.0: 88, 9.0: 53, 10.0: 14, 11.0: 4, 27.0: 1, 19.0: 1, 16.0: 1, 43.0: 1, 14.0: 1, 12.0: 1, 13.0: 1, 18.0: 1}
2026-05-01 10:24:21,610 - RealEstateAI - INFO - logging_utils - log_info - Function 'calculate_price_per_sqft': Calculating price per sqft
2026-05-01 10:24:21,612 - RealEstateAI - INFO - logging_utils - log_info - Function 'calculate_price_per_sqft': Price per sqft calculated. Range: 2.26 - 12000000.00
2026-05-01 10:24:21,612 - RealEstateAI - INFO - logging_utils - log_info - Function 'calculate_total_rooms': Calculating total rooms
2026-05-01 10:24:21,612 - RealEstateAI - INFO - logging_utils - log_info - Function 'calculate_total_rooms': Total rooms calculated. Range: 2 - 83
2026-05-01 10:24:21,612 - RealEstateAI - INFO - logging_utils - log_info - Function 'detect_outliers': Detecting outliers using iqr method
2026-05-01 10:24:21,615 - RealEstateAI - INFO - logging_utils - log_info - Function 'detect_outliers': Removed 2181 outliers. Rows remaining: 10587
2026-05-01 10:24:21,615 - RealEstateAI - INFO - logging_utils - log_info - Function 'preprocess': Preprocessing complete. Rows: 13320 -> 10587
2026-05-01 10:24:21,615 - RealEstateAI - INFO - logging_utils - log_info - Function 'create_all_features': Starting complete feature engineering
2026-05-01 10:24:21,615 - RealEstateAI - INFO - logging_utils - log_info - Function 'create_price_per_sqft_feature': Creating price per sqft feature
2026-05-01 10:24:21,615 - RealEstateAI - INFO - logging_utils - log_info - Function 'create_bhk_category': Creating BHK category feature
2026-05-01 10:24:21,628 - RealEstateAI - INFO - logging_utils - log_info - Function 'create_total_rooms': Creating total rooms feature
2026-05-01 10:24:21,629 - RealEstateAI - INFO - logging_utils - log_info - Function 'create_luxury_indicators': Creating luxury indicators
2026-05-01 10:24:21,633 - RealEstateAI - INFO - logging_utils - log_info - Function 'create_area_density_features': Creating area density features
2026-05-01 10:24:21,643 - RealEstateAI - INFO - logging_utils - log_info - Function 'create_locality_frequency_encoding': Creating frequency encoding
2026-05-01 10:24:21,650 - RealEstateAI - INFO - logging_utils - log_info - Function 'create_locality_popularity': Creating popularity score
2026-05-01 10:24:21,660 - RealEstateAI - INFO - logging_utils - log_info - Function 'create_property_segmentation': Creating property segmentation
2026-05-01 10:24:21,665 - RealEstateAI - INFO - logging_utils - log_info - Function 'create_premium_area_classification': Creating premium area classification
2026-05-01 10:24:21,668 - RealEstateAI - INFO - logging_utils - log_info - Function 'create_affordability_metrics': Creating affordability metrics
2026-05-01 10:24:21,678 - RealEstateAI - INFO - logging_utils - log_info - Function 'create_investment_score': Creating investment score
2026-05-01 10:24:21,690 - RealEstateAI - INFO - logging_utils - log_info - Function 'create_time_features': Creating time features
2026-05-01 10:24:21,710 - RealEstateAI - INFO - logging_utils - log_info - Function 'create_interaction_features': Creating interaction features
2026-05-01 10:24:21,714 - RealEstateAI - INFO - logging_utils - log_info - Function 'detect_all_anomalies': Starting complete anomaly detection
2026-05-01 10:24:21,714 - RealEstateAI - INFO - logging_utils - log_info - Function 'detect_anomalies_isolation_forest': Starting Isolation Forest anomaly detection
2026-05-01 10:24:22,027 - RealEstateAI - INFO - logging_utils - log_info - Function 'detect_anomalies_isolation_forest': Found 530 anomalies (5.01%)
2026-05-01 10:24:22,027 - RealEstateAI - INFO - logging_utils - log_info - Function 'detect_anomalies_lof': Starting LOF anomaly detection
2026-05-01 10:24:22,178 - RealEstateAI - INFO - logging_utils - log_info - Function 'detect_anomalies_lof': Found 530 anomalies (5.01%)
2026-05-01 10:24:22,178 - RealEstateAI - INFO - logging_utils - log_info - Function 'detect_overpriced_properties': Detecting overpriced properties
2026-05-01 10:24:23,630 - RealEstateAI - INFO - logging_utils - log_info - Function 'detect_overpriced_properties': Found 259 overpriced properties
2026-05-01 10:24:23,630 - RealEstateAI - INFO - logging_utils - log_info - Function 'detect_underpriced_properties': Detecting underpriced properties
2026-05-01 10:24:24,997 - RealEstateAI - INFO - logging_utils - log_info - Function 'detect_underpriced_properties': Found 58 underpriced properties
2026-05-01 10:24:24,997 - RealEstateAI - INFO - logging_utils - log_info - Function 'detect_suspicious_listings': Detecting suspicious listings
2026-05-01 10:24:25,012 - RealEstateAI - INFO - logging_utils - log_info - Function 'detect_suspicious_listings': Found 268 suspicious listings
2026-05-01 10:24:25,012 - RealEstateAI - INFO - logging_utils - log_info - Function 'detect_anomalies_statistical': Starting statistical anomaly detection
2026-05-01 10:24:25,023 - RealEstateAI - INFO - logging_utils - log_info - Function 'detect_all_anomalies': Combined: 1466 anomalies (13.85%)
2026-05-01 10:24:25,026 - RealEstateAI - INFO - logging_utils - log_info - Function 'calculate_investment_score': Starting investment score calculation
2026-05-01 10:24:25,046 - RealEstateAI - INFO - logging_utils - log_info - Function 'calculate_investment_score': Investment scores calculated. Range: 0.289 - 0.874
2026-05-01 10:24:25,053 - RealEstateAI - INFO - logging_utils - log_info - Function 'create_composite_score': Creating composite score
2026-05-01 10:24:25,053 - RealEstateAI - WARNING - logging_utils - log_warning - Function 'create_composite_score': Missing column: investment_score
2026-05-01 10:24:25,053 - RealEstateAI - WARNING - logging_utils - log_warning - Function 'create_composite_score': Missing column: popularity_score
2026-05-01 10:24:25,053 - RealEstateAI - WARNING - logging_utils - log_warning - Function 'create_composite_score': Missing column: appreciation_score
2026-05-01 10:24:25,053 - RealEstateAI - WARNING - logging_utils - log_warning - Function 'create_composite_score': Missing column: affordability_index
2026-05-01 10:24:25,057 - RealEstateAI - WARNING - logging_utils - log_warning - Function 'create_composite_score': Missing column: risk_score
2026-05-01 10:24:25,061 - RealEstateAI - INFO - logging_utils - log_info - Function 'create_composite_score': Composite scores calculated. Range: 0.500 - 0.500
2026-05-01 10:24:25,068 - RealEstateAI - INFO - logging_utils - log_info - Function 'load_preprocessor': Preprocessor loaded from E:\Jupyter Notebook\IIT Delhi AI Projects\Machine Learning\House Price Prediction\models\preprocessor.pkl
2026-05-01 10:24:25,074 - RealEstateAI - INFO - logging_utils - log_info - Function 'load_model': Anomaly detection model loaded from E:\Jupyter Notebook\IIT Delhi AI Projects\Machine Learning\House Price Prediction\models\anomaly_detector.pkl
2026-05-01 10:24:25,077 - RealEstateAI - INFO - logging_utils - log_info - Function 'load_model': Investment scorer loaded from E:\Jupyter Notebook\IIT Delhi AI Projects\Machine Learning\House Price Prediction\models\investment_scorer.pkl
2026-05-01 10:24:25,078 - RealEstateAI - INFO - logging_utils - log_info - Function 'load_model': Model loaded from E:\Jupyter Notebook\IIT Delhi AI Projects\Machine Learning\House Price Prediction\models\best_model.pkl
2026-05-01 10:24:25,092 - RealEstateAI - INFO - logging_utils - log_info - Function 'preprocess': Starting complete preprocessing pipeline
2026-05-01 10:24:25,092 - RealEstateAI - INFO - logging_utils - log_info - Function 'clean_column_names': Cleaning column names
2026-05-01 10:24:25,094 - RealEstateAI - INFO - logging_utils - log_info - Function 'clean_column_names': Column names cleaned
2026-05-01 10:24:25,095 - RealEstateAI - INFO - logging_utils - log_info - Function 'handle_missing_values': Starting missing value handling
2026-05-01 10:24:25,100 - RealEstateAI - INFO - logging_utils - log_info - Function 'handle_missing_values': Missing values reduced from 0 to 0
2026-05-01 10:24:25,100 - RealEstateAI - INFO - logging_utils - log_info - Function 'handle_duplicates': Checking for duplicates
2026-05-01 10:24:25,102 - RealEstateAI - INFO - logging_utils - log_info - Function 'handle_duplicates': Removed 0 duplicate rows
2026-05-01 10:24:25,102 - RealEstateAI - INFO - logging_utils - log_info - Function 'clean_square_footage': Starting square footage cleaning
2026-05-01 10:24:25,104 - RealEstateAI - INFO - logging_utils - log_info - Function 'clean_square_footage': Square footage cleaned. Rows remaining: 1
2026-05-01 10:24:25,104 - RealEstateAI - INFO - logging_utils - log_info - Function 'extract_bhk': Extracting BHK values
2026-05-01 10:24:25,104 - RealEstateAI - WARNING - logging_utils - log_warning - Function 'extract_bhk': size column not found
2026-05-01 10:24:25,104 - RealEstateAI - INFO - logging_utils - log_info - Function 'calculate_price_per_sqft': Calculating price per sqft
2026-05-01 10:24:25,104 - RealEstateAI - INFO - logging_utils - log_info - Function 'calculate_total_rooms': Calculating total rooms
2026-05-01 10:24:25,106 - RealEstateAI - INFO - logging_utils - log_info - Function 'calculate_total_rooms': Total rooms calculated. Range: 4 - 4
2026-05-01 10:24:25,106 - RealEstateAI - INFO - logging_utils - log_info - Function 'preprocess': Preprocessing complete. Rows: 1 -> 1
2026-05-01 10:24:25,108 - RealEstateAI - INFO - logging_utils - log_info - Function 'create_all_features': Starting complete feature engineering
2026-05-01 10:24:25,108 - RealEstateAI - INFO - logging_utils - log_info - Function 'create_price_per_sqft_feature': Creating price per sqft feature
2026-05-01 10:24:25,108 - RealEstateAI - INFO - logging_utils - log_info - Function 'create_bhk_category': Creating BHK category feature
2026-05-01 10:24:25,111 - RealEstateAI - INFO - logging_utils - log_info - Function 'create_total_rooms': Creating total rooms feature
2026-05-01 10:24:25,112 - RealEstateAI - INFO - logging_utils - log_info - Function 'create_luxury_indicators': Creating luxury indicators
2026-05-01 10:24:25,114 - RealEstateAI - INFO - logging_utils - log_info - Function 'create_area_density_features': Creating area density features
2026-05-01 10:24:25,114 - RealEstateAI - INFO - logging_utils - log_info - Function 'create_locality_frequency_encoding': Creating frequency encoding
2026-05-01 10:24:25,118 - RealEstateAI - INFO - logging_utils - log_info - Function 'create_locality_popularity': Creating popularity score
2026-05-01 10:24:25,119 - RealEstateAI - INFO - logging_utils - log_info - Function 'create_property_segmentation': Creating property segmentation
2026-05-01 10:24:25,119 - RealEstateAI - INFO - logging_utils - log_info - Function 'create_premium_area_classification': Creating premium area classification
2026-05-01 10:24:25,120 - RealEstateAI - INFO - logging_utils - log_info - Function 'create_affordability_metrics': Creating affordability metrics
2026-05-01 10:24:25,120 - RealEstateAI - INFO - logging_utils - log_info - Function 'create_investment_score': Creating investment score
2026-05-01 10:24:25,120 - RealEstateAI - INFO - logging_utils - log_info - Function 'create_time_features': Creating time features
2026-05-01 10:24:25,120 - RealEstateAI - INFO - logging_utils - log_info - Function 'create_interaction_features': Creating interaction features
2026-05-01 10:24:29,527 - RealEstateAI - INFO - logging_utils - log_info - Function 'load_data': Loading data from E:\Jupyter Notebook\IIT Delhi AI Projects\Machine Learning\House Price Prediction\Bengaluru_House_Data.csv
2026-05-01 10:24:29,565 - RealEstateAI - INFO - logging_utils - log_info - Function 'load_data': Data loaded successfully. Shape: (13320, 9)
2026-05-01 10:24:29,565 - RealEstateAI - INFO - logging_utils - log_info - Function 'preprocess': Starting complete preprocessing pipeline
2026-05-01 10:24:29,565 - RealEstateAI - INFO - logging_utils - log_info - Function 'clean_column_names': Cleaning column names
2026-05-01 10:24:29,568 - RealEstateAI - INFO - logging_utils - log_info - Function 'clean_column_names': Column names cleaned
2026-05-01 10:24:29,568 - RealEstateAI - INFO - logging_utils - log_info - Function 'handle_missing_values': Starting missing value handling
2026-05-01 10:24:29,569 - RealEstateAI - INFO - logging_utils - log_info - Function 'handle_missing_values': Missing values reduced from 6201 to 16
2026-05-01 10:24:29,569 - RealEstateAI - INFO - logging_utils - log_info - Function 'handle_duplicates': Checking for duplicates
2026-05-01 10:24:29,588 - RealEstateAI - INFO - logging_utils - log_info - Function 'handle_duplicates': Removed 530 duplicate rows
2026-05-01 10:24:29,588 - RealEstateAI - INFO - logging_utils - log_info - Function 'clean_square_footage': Starting square footage cleaning
2026-05-01 10:24:29,599 - RealEstateAI - INFO - logging_utils - log_info - Function 'clean_square_footage': Square footage cleaned. Rows remaining: 12784
2026-05-01 10:24:29,600 - RealEstateAI - INFO - logging_utils - log_info - Function 'extract_bhk': Extracting BHK values
2026-05-01 10:24:29,610 - RealEstateAI - INFO - logging_utils - log_info - Function 'extract_bhk': BHK extracted. BHK distribution: {2.0: 5244, 3.0: 4655, 4.0: 1398, 1.0: 636, 5.0: 349, 6.0: 220, 7.0: 99, 8.0: 88, 9.0: 53, 10.0: 14, 11.0: 4, 27.0: 1, 19.0: 1, 16.0: 1, 43.0: 1, 14.0: 1, 12.0: 1, 13.0: 1, 18.0: 1}
2026-05-01 10:24:29,610 - RealEstateAI - INFO - logging_utils - log_info - Function 'calculate_price_per_sqft': Calculating price per sqft
2026-05-01 10:24:29,610 - RealEstateAI - INFO - logging_utils - log_info - Function 'calculate_price_per_sqft': Price per sqft calculated. Range: 2.26 - 12000000.00
2026-05-01 10:24:29,610 - RealEstateAI - INFO - logging_utils - log_info - Function 'calculate_total_rooms': Calculating total rooms
2026-05-01 10:24:29,610 - RealEstateAI - INFO - logging_utils - log_info - Function 'calculate_total_rooms': Total rooms calculated. Range: 2 - 83
2026-05-01 10:24:29,624 - RealEstateAI - INFO - logging_utils - log_info - Function 'detect_outliers': Detecting outliers using iqr method
2026-05-01 10:24:29,627 - RealEstateAI - INFO - logging_utils - log_info - Function 'detect_outliers': Removed 2181 outliers. Rows remaining: 10587
2026-05-01 10:24:29,627 - RealEstateAI - INFO - logging_utils - log_info - Function 'preprocess': Preprocessing complete. Rows: 13320 -> 10587
2026-05-01 10:24:29,627 - RealEstateAI - INFO - logging_utils - log_info - Function 'create_all_features': Starting complete feature engineering
2026-05-01 10:24:29,627 - RealEstateAI - INFO - logging_utils - log_info - Function 'create_price_per_sqft_feature': Creating price per sqft feature
2026-05-01 10:24:29,634 - RealEstateAI - INFO - logging_utils - log_info - Function 'create_bhk_category': Creating BHK category feature
2026-05-01 10:24:29,635 - RealEstateAI - INFO - logging_utils - log_info - Function 'create_total_rooms': Creating total rooms feature
2026-05-01 10:24:29,640 - RealEstateAI - INFO - logging_utils - log_info - Function 'create_luxury_indicators': Creating luxury indicators
2026-05-01 10:24:29,641 - RealEstateAI - INFO - logging_utils - log_info - Function 'create_area_density_features': Creating area density features
2026-05-01 10:24:29,641 - RealEstateAI - INFO - logging_utils - log_info - Function 'create_locality_frequency_encoding': Creating frequency encoding
2026-05-01 10:24:29,661 - RealEstateAI - INFO - logging_utils - log_info - Function 'create_locality_popularity': Creating popularity score
2026-05-01 10:24:29,670 - RealEstateAI - INFO - logging_utils - log_info - Function 'create_property_segmentation': Creating property segmentation
2026-05-01 10:24:29,673 - RealEstateAI - INFO - logging_utils - log_info - Function 'create_premium_area_classification': Creating premium area classification
2026-05-01 10:24:29,681 - RealEstateAI - INFO - logging_utils - log_info - Function 'create_affordability_metrics': Creating affordability metrics
2026-05-01 10:24:29,683 - RealEstateAI - INFO - logging_utils - log_info - Function 'create_investment_score': Creating investment score
2026-05-01 10:24:29,694 - RealEstateAI - INFO - logging_utils - log_info - Function 'create_time_features': Creating time features
2026-05-01 10:24:29,719 - RealEstateAI - INFO - logging_utils - log_info - Function 'create_interaction_features': Creating interaction features
2026-05-01 10:24:29,722 - RealEstateAI - INFO - logging_utils - log_info - Function 'detect_all_anomalies': Starting complete anomaly detection
2026-05-01 10:24:29,722 - RealEstateAI - INFO - logging_utils - log_info - Function 'detect_anomalies_isolation_forest': Starting Isolation Forest anomaly detection
2026-05-01 10:24:30,031 - RealEstateAI - INFO - logging_utils - log_info - Function 'detect_anomalies_isolation_forest': Found 530 anomalies (5.01%)
2026-05-01 10:24:30,031 - RealEstateAI - INFO - logging_utils - log_info - Function 'detect_anomalies_lof': Starting LOF anomaly detection
2026-05-01 10:24:30,196 - RealEstateAI - INFO - logging_utils - log_info - Function 'detect_anomalies_lof': Found 530 anomalies (5.01%)
2026-05-01 10:24:30,196 - RealEstateAI - INFO - logging_utils - log_info - Function 'detect_overpriced_properties': Detecting overpriced properties
2026-05-01 10:24:31,649 - RealEstateAI - INFO - logging_utils - log_info - Function 'detect_overpriced_properties': Found 259 overpriced properties
2026-05-01 10:24:31,650 - RealEstateAI - INFO - logging_utils - log_info - Function 'detect_underpriced_properties': Detecting underpriced properties
2026-05-01 10:24:32,973 - RealEstateAI - INFO - logging_utils - log_info - Function 'detect_underpriced_properties': Found 58 underpriced properties
2026-05-01 10:24:32,973 - RealEstateAI - INFO - logging_utils - log_info - Function 'detect_suspicious_listings': Detecting suspicious listings
2026-05-01 10:24:32,990 - RealEstateAI - INFO - logging_utils - log_info - Function 'detect_suspicious_listings': Found 268 suspicious listings
2026-05-01 10:24:32,990 - RealEstateAI - INFO - logging_utils - log_info - Function 'detect_anomalies_statistical': Starting statistical anomaly detection
2026-05-01 10:24:32,994 - RealEstateAI - INFO - logging_utils - log_info - Function 'detect_all_anomalies': Combined: 1466 anomalies (13.85%)
2026-05-01 10:24:33,003 - RealEstateAI - INFO - logging_utils - log_info - Function 'calculate_investment_score': Starting investment score calculation
2026-05-01 10:24:33,022 - RealEstateAI - INFO - logging_utils - log_info - Function 'calculate_investment_score': Investment scores calculated. Range: 0.289 - 0.874
2026-05-01 10:24:33,027 - RealEstateAI - INFO - logging_utils - log_info - Function 'create_composite_score': Creating composite score
2026-05-01 10:24:33,027 - RealEstateAI - WARNING - logging_utils - log_warning - Function 'create_composite_score': Missing column: investment_score
2026-05-01 10:24:33,027 - RealEstateAI - WARNING - logging_utils - log_warning - Function 'create_composite_score': Missing column: popularity_score
2026-05-01 10:24:33,027 - RealEstateAI - WARNING - logging_utils - log_warning - Function 'create_composite_score': Missing column: appreciation_score
2026-05-01 10:24:33,027 - RealEstateAI - WARNING - logging_utils - log_warning - Function 'create_composite_score': Missing column: affordability_index
2026-05-01 10:24:33,027 - RealEstateAI - WARNING - logging_utils - log_warning - Function 'create_composite_score': Missing column: risk_score
2026-05-01 10:24:33,038 - RealEstateAI - INFO - logging_utils - log_info - Function 'create_composite_score': Composite scores calculated. Range: 0.500 - 0.500
2026-05-01 10:24:33,040 - RealEstateAI - INFO - logging_utils - log_info - Function 'load_preprocessor': Preprocessor loaded from E:\Jupyter Notebook\IIT Delhi AI Projects\Machine Learning\House Price Prediction\models\preprocessor.pkl
2026-05-01 10:24:33,047 - RealEstateAI - INFO - logging_utils - log_info - Function 'load_model': Anomaly detection model loaded from E:\Jupyter Notebook\IIT Delhi AI Projects\Machine Learning\House Price Prediction\models\anomaly_detector.pkl
2026-05-01 10:24:33,049 - RealEstateAI - INFO - logging_utils - log_info - Function 'load_model': Investment scorer loaded from E:\Jupyter Notebook\IIT Delhi AI Projects\Machine Learning\House Price Prediction\models\investment_scorer.pkl
2026-05-01 10:24:33,055 - RealEstateAI - INFO - logging_utils - log_info - Function 'load_model': Model loaded from E:\Jupyter Notebook\IIT Delhi AI Projects\Machine Learning\House Price Prediction\models\best_model.pkl
2026-05-01 10:24:34,974 - RealEstateAI - INFO - logging_utils - log_info - Function 'load_data': Loading data from E:\Jupyter Notebook\IIT Delhi AI Projects\Machine Learning\House Price Prediction\Bengaluru_House_Data.csv
2026-05-01 10:24:35,016 - RealEstateAI - INFO - logging_utils - log_info - Function 'load_data': Data loaded successfully. Shape: (13320, 9)
2026-05-01 10:24:35,016 - RealEstateAI - INFO - logging_utils - log_info - Function 'preprocess': Starting complete preprocessing pipeline
2026-05-01 10:24:35,016 - RealEstateAI - INFO - logging_utils - log_info - Function 'clean_column_names': Cleaning column names
2026-05-01 10:24:35,016 - RealEstateAI - INFO - logging_utils - log_info - Function 'clean_column_names': Column names cleaned
2026-05-01 10:24:35,016 - RealEstateAI - INFO - logging_utils - log_info - Function 'handle_missing_values': Starting missing value handling
2026-05-01 10:24:35,023 - RealEstateAI - INFO - logging_utils - log_info - Function 'handle_missing_values': Missing values reduced from 6201 to 16
2026-05-01 10:24:35,023 - RealEstateAI - INFO - logging_utils - log_info - Function 'handle_duplicates': Checking for duplicates
2026-05-01 10:24:35,039 - RealEstateAI - INFO - logging_utils - log_info - Function 'handle_duplicates': Removed 530 duplicate rows
2026-05-01 10:24:35,039 - RealEstateAI - INFO - logging_utils - log_info - Function 'clean_square_footage': Starting square footage cleaning
2026-05-01 10:24:35,050 - RealEstateAI - INFO - logging_utils - log_info - Function 'clean_square_footage': Square footage cleaned. Rows remaining: 12784
2026-05-01 10:24:35,051 - RealEstateAI - INFO - logging_utils - log_info - Function 'extract_bhk': Extracting BHK values
2026-05-01 10:24:35,070 - RealEstateAI - INFO - logging_utils - log_info - Function 'extract_bhk': BHK extracted. BHK distribution: {2.0: 5244, 3.0: 4655, 4.0: 1398, 1.0: 636, 5.0: 349, 6.0: 220, 7.0: 99, 8.0: 88, 9.0: 53, 10.0: 14, 11.0: 4, 27.0: 1, 19.0: 1, 16.0: 1, 43.0: 1, 14.0: 1, 12.0: 1, 13.0: 1, 18.0: 1}
2026-05-01 10:24:35,070 - RealEstateAI - INFO - logging_utils - log_info - Function 'calculate_price_per_sqft': Calculating price per sqft
2026-05-01 10:24:35,070 - RealEstateAI - INFO - logging_utils - log_info - Function 'calculate_price_per_sqft': Price per sqft calculated. Range: 2.26 - 12000000.00
2026-05-01 10:24:35,070 - RealEstateAI - INFO - logging_utils - log_info - Function 'calculate_total_rooms': Calculating total rooms
2026-05-01 10:24:35,074 - RealEstateAI - INFO - logging_utils - log_info - Function 'calculate_total_rooms': Total rooms calculated. Range: 2 - 83
2026-05-01 10:24:35,074 - RealEstateAI - INFO - logging_utils - log_info - Function 'detect_outliers': Detecting outliers using iqr method
2026-05-01 10:24:35,077 - RealEstateAI - INFO - logging_utils - log_info - Function 'detect_outliers': Removed 2181 outliers. Rows remaining: 10587
2026-05-01 10:24:35,077 - RealEstateAI - INFO - logging_utils - log_info - Function 'preprocess': Preprocessing complete. Rows: 13320 -> 10587
2026-05-01 10:24:35,077 - RealEstateAI - INFO - logging_utils - log_info - Function 'create_all_features': Starting complete feature engineering
2026-05-01 10:24:35,077 - RealEstateAI - INFO - logging_utils - log_info - Function 'create_price_per_sqft_feature': Creating price per sqft feature
2026-05-01 10:24:35,086 - RealEstateAI - INFO - logging_utils - log_info - Function 'create_bhk_category': Creating BHK category feature
2026-05-01 10:24:35,087 - RealEstateAI - INFO - logging_utils - log_info - Function 'create_total_rooms': Creating total rooms feature
2026-05-01 10:24:35,091 - RealEstateAI - INFO - logging_utils - log_info - Function 'create_luxury_indicators': Creating luxury indicators
2026-05-01 10:24:35,094 - RealEstateAI - INFO - logging_utils - log_info - Function 'create_area_density_features': Creating area density features
2026-05-01 10:24:35,106 - RealEstateAI - INFO - logging_utils - log_info - Function 'create_locality_frequency_encoding': Creating frequency encoding
2026-05-01 10:24:35,111 - RealEstateAI - INFO - logging_utils - log_info - Function 'create_locality_popularity': Creating popularity score
2026-05-01 10:24:35,115 - RealEstateAI - INFO - logging_utils - log_info - Function 'create_property_segmentation': Creating property segmentation
2026-05-01 10:24:35,124 - RealEstateAI - INFO - logging_utils - log_info - Function 'create_premium_area_classification': Creating premium area classification
2026-05-01 10:24:35,127 - RealEstateAI - INFO - logging_utils - log_info - Function 'create_affordability_metrics': Creating affordability metrics
2026-05-01 10:24:35,136 - RealEstateAI - INFO - logging_utils - log_info - Function 'create_investment_score': Creating investment score
2026-05-01 10:24:35,144 - RealEstateAI - INFO - logging_utils - log_info - Function 'create_time_features': Creating time features
2026-05-01 10:24:35,170 - RealEstateAI - INFO - logging_utils - log_info - Function 'create_interaction_features': Creating interaction features
2026-05-01 10:24:35,172 - RealEstateAI - INFO - logging_utils - log_info - Function 'detect_all_anomalies': Starting complete anomaly detection
2026-05-01 10:24:35,172 - RealEstateAI - INFO - logging_utils - log_info - Function 'detect_anomalies_isolation_forest': Starting Isolation Forest anomaly detection
2026-05-01 10:24:35,480 - RealEstateAI - INFO - logging_utils - log_info - Function 'detect_anomalies_isolation_forest': Found 530 anomalies (5.01%)
2026-05-01 10:24:35,480 - RealEstateAI - INFO - logging_utils - log_info - Function 'detect_anomalies_lof': Starting LOF anomaly detection
2026-05-01 10:24:35,639 - RealEstateAI - INFO - logging_utils - log_info - Function 'detect_anomalies_lof': Found 530 anomalies (5.01%)
2026-05-01 10:24:35,639 - RealEstateAI - INFO - logging_utils - log_info - Function 'detect_overpriced_properties': Detecting overpriced properties
2026-05-01 10:24:37,042 - RealEstateAI - INFO - logging_utils - log_info - Function 'detect_overpriced_properties': Found 259 overpriced properties
2026-05-01 10:24:37,042 - RealEstateAI - INFO - logging_utils - log_info - Function 'detect_underpriced_properties': Detecting underpriced properties
2026-05-01 10:24:38,303 - RealEstateAI - INFO - logging_utils - log_info - Function 'detect_underpriced_properties': Found 58 underpriced properties
2026-05-01 10:24:38,303 - RealEstateAI - INFO - logging_utils - log_info - Function 'detect_suspicious_listings': Detecting suspicious listings
2026-05-01 10:24:38,326 - RealEstateAI - INFO - logging_utils - log_info - Function 'detect_suspicious_listings': Found 268 suspicious listings
2026-05-01 10:24:38,326 - RealEstateAI - INFO - logging_utils - log_info - Function 'detect_anomalies_statistical': Starting statistical anomaly detection
2026-05-01 10:24:38,335 - RealEstateAI - INFO - logging_utils - log_info - Function 'detect_all_anomalies': Combined: 1466 anomalies (13.85%)
2026-05-01 10:24:38,337 - RealEstateAI - INFO - logging_utils - log_info - Function 'calculate_investment_score': Starting investment score calculation
2026-05-01 10:24:38,360 - RealEstateAI - INFO - logging_utils - log_info - Function 'calculate_investment_score': Investment scores calculated. Range: 0.289 - 0.874
2026-05-01 10:24:38,361 - RealEstateAI - INFO - logging_utils - log_info - Function 'create_composite_score': Creating composite score
2026-05-01 10:24:38,361 - RealEstateAI - WARNING - logging_utils - log_warning - Function 'create_composite_score': Missing column: investment_score
2026-05-01 10:24:38,361 - RealEstateAI - WARNING - logging_utils - log_warning - Function 'create_composite_score': Missing column: popularity_score
2026-05-01 10:24:38,365 - RealEstateAI - WARNING - logging_utils - log_warning - Function 'create_composite_score': Missing column: appreciation_score
2026-05-01 10:24:38,366 - RealEstateAI - WARNING - logging_utils - log_warning - Function 'create_composite_score': Missing column: affordability_index
2026-05-01 10:24:38,366 - RealEstateAI - WARNING - logging_utils - log_warning - Function 'create_composite_score': Missing column: risk_score
2026-05-01 10:24:38,373 - RealEstateAI - INFO - logging_utils - log_info - Function 'create_composite_score': Composite scores calculated. Range: 0.500 - 0.500
2026-05-01 10:24:38,375 - RealEstateAI - INFO - logging_utils - log_info - Function 'load_preprocessor': Preprocessor loaded from E:\Jupyter Notebook\IIT Delhi AI Projects\Machine Learning\House Price Prediction\models\preprocessor.pkl
2026-05-01 10:24:38,383 - RealEstateAI - INFO - logging_utils - log_info - Function 'load_model': Anomaly detection model loaded from E:\Jupyter Notebook\IIT Delhi AI Projects\Machine Learning\House Price Prediction\models\anomaly_detector.pkl
2026-05-01 10:24:38,383 - RealEstateAI - INFO - logging_utils - log_info - Function 'load_model': Investment scorer loaded from E:\Jupyter Notebook\IIT Delhi AI Projects\Machine Learning\House Price Prediction\models\investment_scorer.pkl
2026-05-01 10:24:38,383 - RealEstateAI - INFO - logging_utils - log_info - Function 'load_model': Model loaded from E:\Jupyter Notebook\IIT Delhi AI Projects\Machine Learning\House Price Prediction\models\best_model.pkl
2026-05-01 10:24:38,399 - RealEstateAI - INFO - logging_utils - log_info - Function 'preprocess': Starting complete preprocessing pipeline
2026-05-01 10:24:38,399 - RealEstateAI - INFO - logging_utils - log_info - Function 'clean_column_names': Cleaning column names
2026-05-01 10:24:38,399 - RealEstateAI - INFO - logging_utils - log_info - Function 'clean_column_names': Column names cleaned
2026-05-01 10:24:38,399 - RealEstateAI - INFO - logging_utils - log_info - Function 'handle_missing_values': Starting missing value handling
2026-05-01 10:24:38,399 - RealEstateAI - INFO - logging_utils - log_info - Function 'handle_missing_values': Missing values reduced from 0 to 0
2026-05-01 10:24:38,404 - RealEstateAI - INFO - logging_utils - log_info - Function 'handle_duplicates': Checking for duplicates
2026-05-01 10:24:38,406 - RealEstateAI - INFO - logging_utils - log_info - Function 'handle_duplicates': Removed 0 duplicate rows
2026-05-01 10:24:38,406 - RealEstateAI - INFO - logging_utils - log_info - Function 'clean_square_footage': Starting square footage cleaning
2026-05-01 10:24:38,410 - RealEstateAI - INFO - logging_utils - log_info - Function 'clean_square_footage': Square footage cleaned. Rows remaining: 1
2026-05-01 10:24:38,410 - RealEstateAI - INFO - logging_utils - log_info - Function 'extract_bhk': Extracting BHK values
2026-05-01 10:24:38,411 - RealEstateAI - WARNING - logging_utils - log_warning - Function 'extract_bhk': size column not found
2026-05-01 10:24:38,411 - RealEstateAI - INFO - logging_utils - log_info - Function 'calculate_price_per_sqft': Calculating price per sqft
2026-05-01 10:24:38,411 - RealEstateAI - INFO - logging_utils - log_info - Function 'calculate_total_rooms': Calculating total rooms
2026-05-01 10:24:38,412 - RealEstateAI - INFO - logging_utils - log_info - Function 'calculate_total_rooms': Total rooms calculated. Range: 4 - 4
2026-05-01 10:24:38,416 - RealEstateAI - INFO - logging_utils - log_info - Function 'preprocess': Preprocessing complete. Rows: 1 -> 1
2026-05-01 10:24:38,418 - RealEstateAI - INFO - logging_utils - log_info - Function 'create_all_features': Starting complete feature engineering
2026-05-01 10:24:38,418 - RealEstateAI - INFO - logging_utils - log_info - Function 'create_price_per_sqft_feature': Creating price per sqft feature
2026-05-01 10:24:38,418 - RealEstateAI - INFO - logging_utils - log_info - Function 'create_bhk_category': Creating BHK category feature
2026-05-01 10:24:38,418 - RealEstateAI - INFO - logging_utils - log_info - Function 'create_total_rooms': Creating total rooms feature
2026-05-01 10:24:38,422 - RealEstateAI - INFO - logging_utils - log_info - Function 'create_luxury_indicators': Creating luxury indicators
2026-05-01 10:24:38,422 - RealEstateAI - INFO - logging_utils - log_info - Function 'create_area_density_features': Creating area density features
2026-05-01 10:24:38,422 - RealEstateAI - INFO - logging_utils - log_info - Function 'create_locality_frequency_encoding': Creating frequency encoding
2026-05-01 10:24:38,427 - RealEstateAI - INFO - logging_utils - log_info - Function 'create_locality_popularity': Creating popularity score
2026-05-01 10:24:38,427 - RealEstateAI - INFO - logging_utils - log_info - Function 'create_property_segmentation': Creating property segmentation
2026-05-01 10:24:38,427 - RealEstateAI - INFO - logging_utils - log_info - Function 'create_premium_area_classification': Creating premium area classification
2026-05-01 10:24:38,427 - RealEstateAI - INFO - logging_utils - log_info - Function 'create_affordability_metrics': Creating affordability metrics
2026-05-01 10:24:38,427 - RealEstateAI - INFO - logging_utils - log_info - Function 'create_investment_score': Creating investment score
2026-05-01 10:24:38,427 - RealEstateAI - INFO - logging_utils - log_info - Function 'create_time_features': Creating time features
2026-05-01 10:24:38,427 - RealEstateAI - INFO - logging_utils - log_info - Function 'create_interaction_features': Creating interaction features
2026-05-01 10:27:25,544 - RealEstateAI - INFO - logging_utils - log_info - Function 'load_data': Loading data from E:\Jupyter Notebook\IIT Delhi AI Projects\Machine Learning\House Price Prediction\Bengaluru_House_Data.csv
2026-05-01 10:27:25,588 - RealEstateAI - INFO - logging_utils - log_info - Function 'load_data': Data loaded successfully. Shape: (13320, 9)
2026-05-01 10:27:25,589 - RealEstateAI - INFO - logging_utils - log_info - Function 'preprocess': Starting complete preprocessing pipeline
2026-05-01 10:27:25,589 - RealEstateAI - INFO - logging_utils - log_info - Function 'clean_column_names': Cleaning column names
2026-05-01 10:27:25,590 - RealEstateAI - INFO - logging_utils - log_info - Function 'clean_column_names': Column names cleaned
2026-05-01 10:27:25,590 - RealEstateAI - INFO - logging_utils - log_info - Function 'handle_missing_values': Starting missing value handling
2026-05-01 10:27:25,597 - RealEstateAI - INFO - logging_utils - log_info - Function 'handle_missing_values': Missing values reduced from 6201 to 16
2026-05-01 10:27:25,597 - RealEstateAI - INFO - logging_utils - log_info - Function 'handle_duplicates': Checking for duplicates
2026-05-01 10:27:25,615 - RealEstateAI - INFO - logging_utils - log_info - Function 'handle_duplicates': Removed 530 duplicate rows
2026-05-01 10:27:25,615 - RealEstateAI - INFO - logging_utils - log_info - Function 'clean_square_footage': Starting square footage cleaning
2026-05-01 10:27:25,627 - RealEstateAI - INFO - logging_utils - log_info - Function 'clean_square_footage': Square footage cleaned. Rows remaining: 12784
2026-05-01 10:27:25,627 - RealEstateAI - INFO - logging_utils - log_info - Function 'extract_bhk': Extracting BHK values
2026-05-01 10:27:25,644 - RealEstateAI - INFO - logging_utils - log_info - Function 'extract_bhk': BHK extracted. BHK distribution: {2.0: 5244, 3.0: 4655, 4.0: 1398, 1.0: 636, 5.0: 349, 6.0: 220, 7.0: 99, 8.0: 88, 9.0: 53, 10.0: 14, 11.0: 4, 27.0: 1, 19.0: 1, 16.0: 1, 43.0: 1, 14.0: 1, 12.0: 1, 13.0: 1, 18.0: 1}
2026-05-01 10:27:25,644 - RealEstateAI - INFO - logging_utils - log_info - Function 'calculate_price_per_sqft': Calculating price per sqft
2026-05-01 10:27:25,644 - RealEstateAI - INFO - logging_utils - log_info - Function 'calculate_price_per_sqft': Price per sqft calculated. Range: 2.26 - 12000000.00
2026-05-01 10:27:25,644 - RealEstateAI - INFO - logging_utils - log_info - Function 'calculate_total_rooms': Calculating total rooms
2026-05-01 10:27:25,644 - RealEstateAI - INFO - logging_utils - log_info - Function 'calculate_total_rooms': Total rooms calculated. Range: 2 - 83
2026-05-01 10:27:25,651 - RealEstateAI - INFO - logging_utils - log_info - Function 'detect_outliers': Detecting outliers using iqr method
2026-05-01 10:27:25,658 - RealEstateAI - INFO - logging_utils - log_info - Function 'detect_outliers': Removed 2181 outliers. Rows remaining: 10587
2026-05-01 10:27:25,661 - RealEstateAI - INFO - logging_utils - log_info - Function 'preprocess': Preprocessing complete. Rows: 13320 -> 10587
2026-05-01 10:27:25,661 - RealEstateAI - INFO - logging_utils - log_info - Function 'create_all_features': Starting complete feature engineering
2026-05-01 10:27:25,661 - RealEstateAI - INFO - logging_utils - log_info - Function 'create_price_per_sqft_feature': Creating price per sqft feature
2026-05-01 10:27:25,662 - RealEstateAI - INFO - logging_utils - log_info - Function 'create_bhk_category': Creating BHK category feature
2026-05-01 10:27:25,664 - RealEstateAI - INFO - logging_utils - log_info - Function 'create_total_rooms': Creating total rooms feature
2026-05-01 10:27:25,668 - RealEstateAI - INFO - logging_utils - log_info - Function 'create_luxury_indicators': Creating luxury indicators
2026-05-01 10:27:25,671 - RealEstateAI - INFO - logging_utils - log_info - Function 'create_area_density_features': Creating area density features
2026-05-01 10:27:25,677 - RealEstateAI - INFO - logging_utils - log_info - Function 'create_locality_frequency_encoding': Creating frequency encoding
2026-05-01 10:27:25,688 - RealEstateAI - INFO - logging_utils - log_info - Function 'create_locality_popularity': Creating popularity score
2026-05-01 10:27:25,693 - RealEstateAI - INFO - logging_utils - log_info - Function 'create_property_segmentation': Creating property segmentation
2026-05-01 10:27:25,700 - RealEstateAI - INFO - logging_utils - log_info - Function 'create_premium_area_classification': Creating premium area classification
2026-05-01 10:27:25,710 - RealEstateAI - INFO - logging_utils - log_info - Function 'create_affordability_metrics': Creating affordability metrics
2026-05-01 10:27:25,710 - RealEstateAI - INFO - logging_utils - log_info - Function 'create_investment_score': Creating investment score
2026-05-01 10:27:25,731 - RealEstateAI - INFO - logging_utils - log_info - Function 'create_time_features': Creating time features
2026-05-01 10:27:25,748 - RealEstateAI - INFO - logging_utils - log_info - Function 'create_interaction_features': Creating interaction features
2026-05-01 10:27:25,748 - RealEstateAI - INFO - logging_utils - log_info - Function 'detect_all_anomalies': Starting complete anomaly detection
2026-05-01 10:27:25,748 - RealEstateAI - INFO - logging_utils - log_info - Function 'detect_anomalies_isolation_forest': Starting Isolation Forest anomaly detection
2026-05-01 10:27:26,044 - RealEstateAI - INFO - logging_utils - log_info - Function 'detect_anomalies_isolation_forest': Found 530 anomalies (5.01%)
2026-05-01 10:27:26,044 - RealEstateAI - INFO - logging_utils - log_info - Function 'detect_anomalies_lof': Starting LOF anomaly detection
2026-05-01 10:27:26,198 - RealEstateAI - INFO - logging_utils - log_info - Function 'detect_anomalies_lof': Found 530 anomalies (5.01%)
2026-05-01 10:27:26,198 - RealEstateAI - INFO - logging_utils - log_info - Function 'detect_overpriced_properties': Detecting overpriced properties
2026-05-01 10:27:27,700 - RealEstateAI - INFO - logging_utils - log_info - Function 'detect_overpriced_properties': Found 259 overpriced properties
2026-05-01 10:27:27,700 - RealEstateAI - INFO - logging_utils - log_info - Function 'detect_underpriced_properties': Detecting underpriced properties
2026-05-01 10:27:29,037 - RealEstateAI - INFO - logging_utils - log_info - Function 'detect_underpriced_properties': Found 58 underpriced properties
2026-05-01 10:27:29,037 - RealEstateAI - INFO - logging_utils - log_info - Function 'detect_suspicious_listings': Detecting suspicious listings
2026-05-01 10:27:29,043 - RealEstateAI - INFO - logging_utils - log_info - Function 'detect_suspicious_listings': Found 268 suspicious listings
2026-05-01 10:27:29,043 - RealEstateAI - INFO - logging_utils - log_info - Function 'detect_anomalies_statistical': Starting statistical anomaly detection
2026-05-01 10:27:29,058 - RealEstateAI - INFO - logging_utils - log_info - Function 'detect_all_anomalies': Combined: 1466 anomalies (13.85%)
2026-05-01 10:27:29,060 - RealEstateAI - INFO - logging_utils - log_info - Function 'calculate_investment_score': Starting investment score calculation
2026-05-01 10:27:29,085 - RealEstateAI - INFO - logging_utils - log_info - Function 'calculate_investment_score': Investment scores calculated. Range: 0.289 - 0.874
2026-05-01 10:27:29,087 - RealEstateAI - INFO - logging_utils - log_info - Function 'create_composite_score': Creating composite score
2026-05-01 10:27:29,088 - RealEstateAI - WARNING - logging_utils - log_warning - Function 'create_composite_score': Missing column: investment_score
2026-05-01 10:27:29,088 - RealEstateAI - WARNING - logging_utils - log_warning - Function 'create_composite_score': Missing column: popularity_score
2026-05-01 10:27:29,089 - RealEstateAI - WARNING - logging_utils - log_warning - Function 'create_composite_score': Missing column: appreciation_score
2026-05-01 10:27:29,090 - RealEstateAI - WARNING - logging_utils - log_warning - Function 'create_composite_score': Missing column: affordability_index
2026-05-01 10:27:29,090 - RealEstateAI - WARNING - logging_utils - log_warning - Function 'create_composite_score': Missing column: risk_score
2026-05-01 10:27:29,098 - RealEstateAI - INFO - logging_utils - log_info - Function 'create_composite_score': Composite scores calculated. Range: 0.500 - 0.500
2026-05-01 10:27:29,100 - RealEstateAI - INFO - logging_utils - log_info - Function 'load_preprocessor': Preprocessor loaded from E:\Jupyter Notebook\IIT Delhi AI Projects\Machine Learning\House Price Prediction\models\preprocessor.pkl
2026-05-01 10:27:29,123 - RealEstateAI - INFO - logging_utils - log_info - Function 'load_model': Anomaly detection model loaded from E:\Jupyter Notebook\IIT Delhi AI Projects\Machine Learning\House Price Prediction\models\anomaly_detector.pkl
2026-05-01 10:27:29,127 - RealEstateAI - INFO - logging_utils - log_info - Function 'load_model': Investment scorer loaded from E:\Jupyter Notebook\IIT Delhi AI Projects\Machine Learning\House Price Prediction\models\investment_scorer.pkl
2026-05-01 10:27:29,135 - RealEstateAI - INFO - logging_utils - log_info - Function 'load_model': Model loaded from E:\Jupyter Notebook\IIT Delhi AI Projects\Machine Learning\House Price Prediction\models\best_model.pkl
2026-05-01 10:27:29,946 - RealEstateAI - INFO - logging_utils - log_info - Function 'load_data': Loading data from E:\Jupyter Notebook\IIT Delhi AI Projects\Machine Learning\House Price Prediction\Bengaluru_House_Data.csv
2026-05-01 10:27:29,989 - RealEstateAI - INFO - logging_utils - log_info - Function 'load_data': Data loaded successfully. Shape: (13320, 9)
2026-05-01 10:27:29,989 - RealEstateAI - INFO - logging_utils - log_info - Function 'preprocess': Starting complete preprocessing pipeline
2026-05-01 10:27:29,989 - RealEstateAI - INFO - logging_utils - log_info - Function 'clean_column_names': Cleaning column names
2026-05-01 10:27:29,991 - RealEstateAI - INFO - logging_utils - log_info - Function 'clean_column_names': Column names cleaned
2026-05-01 10:27:29,991 - RealEstateAI - INFO - logging_utils - log_info - Function 'handle_missing_values': Starting missing value handling
2026-05-01 10:27:29,998 - RealEstateAI - INFO - logging_utils - log_info - Function 'handle_missing_values': Missing values reduced from 6201 to 16
2026-05-01 10:27:29,998 - RealEstateAI - INFO - logging_utils - log_info - Function 'handle_duplicates': Checking for duplicates
2026-05-01 10:27:30,014 - RealEstateAI - INFO - logging_utils - log_info - Function 'handle_duplicates': Removed 530 duplicate rows
2026-05-01 10:27:30,014 - RealEstateAI - INFO - logging_utils - log_info - Function 'clean_square_footage': Starting square footage cleaning
2026-05-01 10:27:30,024 - RealEstateAI - INFO - logging_utils - log_info - Function 'clean_square_footage': Square footage cleaned. Rows remaining: 12784
2026-05-01 10:27:30,024 - RealEstateAI - INFO - logging_utils - log_info - Function 'extract_bhk': Extracting BHK values
2026-05-01 10:27:30,044 - RealEstateAI - INFO - logging_utils - log_info - Function 'extract_bhk': BHK extracted. BHK distribution: {2.0: 5244, 3.0: 4655, 4.0: 1398, 1.0: 636, 5.0: 349, 6.0: 220, 7.0: 99, 8.0: 88, 9.0: 53, 10.0: 14, 11.0: 4, 27.0: 1, 19.0: 1, 16.0: 1, 43.0: 1, 14.0: 1, 12.0: 1, 13.0: 1, 18.0: 1}
2026-05-01 10:27:30,044 - RealEstateAI - INFO - logging_utils - log_info - Function 'calculate_price_per_sqft': Calculating price per sqft
2026-05-01 10:27:30,044 - RealEstateAI - INFO - logging_utils - log_info - Function 'calculate_price_per_sqft': Price per sqft calculated. Range: 2.26 - 12000000.00
2026-05-01 10:27:30,044 - RealEstateAI - INFO - logging_utils - log_info - Function 'calculate_total_rooms': Calculating total rooms
2026-05-01 10:27:30,044 - RealEstateAI - INFO - logging_utils - log_info - Function 'calculate_total_rooms': Total rooms calculated. Range: 2 - 83
2026-05-01 10:27:30,049 - RealEstateAI - INFO - logging_utils - log_info - Function 'detect_outliers': Detecting outliers using iqr method
2026-05-01 10:27:30,056 - RealEstateAI - INFO - logging_utils - log_info - Function 'detect_outliers': Removed 2181 outliers. Rows remaining: 10587
2026-05-01 10:27:30,056 - RealEstateAI - INFO - logging_utils - log_info - Function 'preprocess': Preprocessing complete. Rows: 13320 -> 10587
2026-05-01 10:27:30,057 - RealEstateAI - INFO - logging_utils - log_info - Function 'create_all_features': Starting complete feature engineering
2026-05-01 10:27:30,058 - RealEstateAI - INFO - logging_utils - log_info - Function 'create_price_per_sqft_feature': Creating price per sqft feature
2026-05-01 10:27:30,058 - RealEstateAI - INFO - logging_utils - log_info - Function 'create_bhk_category': Creating BHK category feature
2026-05-01 10:27:30,062 - RealEstateAI - INFO - logging_utils - log_info - Function 'create_total_rooms': Creating total rooms feature
2026-05-01 10:27:30,065 - RealEstateAI - INFO - logging_utils - log_info - Function 'create_luxury_indicators': Creating luxury indicators
2026-05-01 10:27:30,068 - RealEstateAI - INFO - logging_utils - log_info - Function 'create_area_density_features': Creating area density features
2026-05-01 10:27:30,077 - RealEstateAI - INFO - logging_utils - log_info - Function 'create_locality_frequency_encoding': Creating frequency encoding
2026-05-01 10:27:30,086 - RealEstateAI - INFO - logging_utils - log_info - Function 'create_locality_popularity': Creating popularity score
2026-05-01 10:27:30,096 - RealEstateAI - INFO - logging_utils - log_info - Function 'create_property_segmentation': Creating property segmentation
2026-05-01 10:27:30,100 - RealEstateAI - INFO - logging_utils - log_info - Function 'create_premium_area_classification': Creating premium area classification
2026-05-01 10:27:30,108 - RealEstateAI - INFO - logging_utils - log_info - Function 'create_affordability_metrics': Creating affordability metrics
2026-05-01 10:27:30,112 - RealEstateAI - INFO - logging_utils - log_info - Function 'create_investment_score': Creating investment score
2026-05-01 10:27:30,123 - RealEstateAI - INFO - logging_utils - log_info - Function 'create_time_features': Creating time features
2026-05-01 10:27:30,144 - RealEstateAI - INFO - logging_utils - log_info - Function 'create_interaction_features': Creating interaction features
2026-05-01 10:27:30,149 - RealEstateAI - INFO - logging_utils - log_info - Function 'detect_all_anomalies': Starting complete anomaly detection
2026-05-01 10:27:30,149 - RealEstateAI - INFO - logging_utils - log_info - Function 'detect_anomalies_isolation_forest': Starting Isolation Forest anomaly detection
2026-05-01 10:27:30,489 - RealEstateAI - INFO - logging_utils - log_info - Function 'detect_anomalies_isolation_forest': Found 530 anomalies (5.01%)
2026-05-01 10:27:30,489 - RealEstateAI - INFO - logging_utils - log_info - Function 'detect_anomalies_lof': Starting LOF anomaly detection
2026-05-01 10:27:30,653 - RealEstateAI - INFO - logging_utils - log_info - Function 'detect_anomalies_lof': Found 530 anomalies (5.01%)
2026-05-01 10:27:30,653 - RealEstateAI - INFO - logging_utils - log_info - Function 'detect_overpriced_properties': Detecting overpriced properties
2026-05-01 10:27:32,206 - RealEstateAI - INFO - logging_utils - log_info - Function 'detect_overpriced_properties': Found 259 overpriced properties
2026-05-01 10:27:32,206 - RealEstateAI - INFO - logging_utils - log_info - Function 'detect_underpriced_properties': Detecting underpriced properties
2026-05-01 10:27:33,495 - RealEstateAI - INFO - logging_utils - log_info - Function 'detect_underpriced_properties': Found 58 underpriced properties
2026-05-01 10:27:33,495 - RealEstateAI - INFO - logging_utils - log_info - Function 'detect_suspicious_listings': Detecting suspicious listings
2026-05-01 10:27:33,502 - RealEstateAI - INFO - logging_utils - log_info - Function 'detect_suspicious_listings': Found 268 suspicious listings
2026-05-01 10:27:33,502 - RealEstateAI - INFO - logging_utils - log_info - Function 'detect_anomalies_statistical': Starting statistical anomaly detection
2026-05-01 10:27:33,512 - RealEstateAI - INFO - logging_utils - log_info - Function 'detect_all_anomalies': Combined: 1466 anomalies (13.85%)
2026-05-01 10:27:33,514 - RealEstateAI - INFO - logging_utils - log_info - Function 'calculate_investment_score': Starting investment score calculation
2026-05-01 10:27:33,527 - RealEstateAI - INFO - logging_utils - log_info - Function 'calculate_investment_score': Investment scores calculated. Range: 0.289 - 0.874
2026-05-01 10:27:33,527 - RealEstateAI - INFO - logging_utils - log_info - Function 'create_composite_score': Creating composite score
2026-05-01 10:27:33,540 - RealEstateAI - WARNING - logging_utils - log_warning - Function 'create_composite_score': Missing column: investment_score
2026-05-01 10:27:33,540 - RealEstateAI - WARNING - logging_utils - log_warning - Function 'create_composite_score': Missing column: popularity_score
2026-05-01 10:27:33,540 - RealEstateAI - WARNING - logging_utils - log_warning - Function 'create_composite_score': Missing column: appreciation_score
2026-05-01 10:27:33,540 - RealEstateAI - WARNING - logging_utils - log_warning - Function 'create_composite_score': Missing column: affordability_index
2026-05-01 10:27:33,540 - RealEstateAI - WARNING - logging_utils - log_warning - Function 'create_composite_score': Missing column: risk_score
2026-05-01 10:27:33,548 - RealEstateAI - INFO - logging_utils - log_info - Function 'create_composite_score': Composite scores calculated. Range: 0.500 - 0.500
2026-05-01 10:27:33,550 - RealEstateAI - INFO - logging_utils - log_info - Function 'load_preprocessor': Preprocessor loaded from E:\Jupyter Notebook\IIT Delhi AI Projects\Machine Learning\House Price Prediction\models\preprocessor.pkl
2026-05-01 10:27:33,557 - RealEstateAI - INFO - logging_utils - log_info - Function 'load_model': Anomaly detection model loaded from E:\Jupyter Notebook\IIT Delhi AI Projects\Machine Learning\House Price Prediction\models\anomaly_detector.pkl
2026-05-01 10:27:33,559 - RealEstateAI - INFO - logging_utils - log_info - Function 'load_model': Investment scorer loaded from E:\Jupyter Notebook\IIT Delhi AI Projects\Machine Learning\House Price Prediction\models\investment_scorer.pkl
2026-05-01 10:27:33,564 - RealEstateAI - INFO - logging_utils - log_info - Function 'load_model': Model loaded from E:\Jupyter Notebook\IIT Delhi AI Projects\Machine Learning\House Price Prediction\models\best_model.pkl
2026-05-01 10:27:33,575 - RealEstateAI - INFO - logging_utils - log_info - Function 'preprocess': Starting complete preprocessing pipeline
2026-05-01 10:27:33,576 - RealEstateAI - INFO - logging_utils - log_info - Function 'clean_column_names': Cleaning column names
2026-05-01 10:27:33,578 - RealEstateAI - INFO - logging_utils - log_info - Function 'clean_column_names': Column names cleaned
2026-05-01 10:27:33,578 - RealEstateAI - INFO - logging_utils - log_info - Function 'handle_missing_values': Starting missing value handling
2026-05-01 10:27:33,580 - RealEstateAI - INFO - logging_utils - log_info - Function 'handle_missing_values': Missing values reduced from 0 to 0
2026-05-01 10:27:33,581 - RealEstateAI - INFO - logging_utils - log_info - Function 'handle_duplicates': Checking for duplicates
2026-05-01 10:27:33,584 - RealEstateAI - INFO - logging_utils - log_info - Function 'handle_duplicates': Removed 0 duplicate rows
2026-05-01 10:27:33,584 - RealEstateAI - INFO - logging_utils - log_info - Function 'clean_square_footage': Starting square footage cleaning
2026-05-01 10:27:33,584 - RealEstateAI - INFO - logging_utils - log_info - Function 'clean_square_footage': Square footage cleaned. Rows remaining: 1
2026-05-01 10:27:33,584 - RealEstateAI - INFO - logging_utils - log_info - Function 'extract_bhk': Extracting BHK values
2026-05-01 10:27:33,584 - RealEstateAI - WARNING - logging_utils - log_warning - Function 'extract_bhk': size column not found
2026-05-01 10:27:33,584 - RealEstateAI - INFO - logging_utils - log_info - Function 'calculate_price_per_sqft': Calculating price per sqft
2026-05-01 10:27:33,584 - RealEstateAI - INFO - logging_utils - log_info - Function 'calculate_total_rooms': Calculating total rooms
2026-05-01 10:27:33,587 - RealEstateAI - INFO - logging_utils - log_info - Function 'calculate_total_rooms': Total rooms calculated. Range: 4 - 4
2026-05-01 10:27:33,587 - RealEstateAI - INFO - logging_utils - log_info - Function 'preprocess': Preprocessing complete. Rows: 1 -> 1
2026-05-01 10:27:33,587 - RealEstateAI - INFO - logging_utils - log_info - Function 'create_all_features': Starting complete feature engineering
2026-05-01 10:27:33,587 - RealEstateAI - INFO - logging_utils - log_info - Function 'create_price_per_sqft_feature': Creating price per sqft feature
2026-05-01 10:27:33,587 - RealEstateAI - INFO - logging_utils - log_info - Function 'create_bhk_category': Creating BHK category feature
2026-05-01 10:27:33,587 - RealEstateAI - INFO - logging_utils - log_info - Function 'create_total_rooms': Creating total rooms feature
2026-05-01 10:27:33,594 - RealEstateAI - INFO - logging_utils - log_info - Function 'create_luxury_indicators': Creating luxury indicators
2026-05-01 10:27:33,595 - RealEstateAI - INFO - logging_utils - log_info - Function 'create_area_density_features': Creating area density features
2026-05-01 10:27:33,595 - RealEstateAI - INFO - logging_utils - log_info - Function 'create_locality_frequency_encoding': Creating frequency encoding
2026-05-01 10:27:33,599 - RealEstateAI - INFO - logging_utils - log_info - Function 'create_locality_popularity': Creating popularity score
2026-05-01 10:27:33,599 - RealEstateAI - INFO - logging_utils - log_info - Function 'create_property_segmentation': Creating property segmentation
2026-05-01 10:27:33,600 - RealEstateAI - INFO - logging_utils - log_info - Function 'create_premium_area_classification': Creating premium area classification
2026-05-01 10:27:33,600 - RealEstateAI - INFO - logging_utils - log_info - Function 'create_affordability_metrics': Creating affordability metrics
2026-05-01 10:27:33,600 - RealEstateAI - INFO - logging_utils - log_info - Function 'create_investment_score': Creating investment score
2026-05-01 10:27:33,601 - RealEstateAI - INFO - logging_utils - log_info - Function 'create_time_features': Creating time features
2026-05-01 10:27:33,601 - RealEstateAI - INFO - logging_utils - log_info - Function 'create_interaction_features': Creating interaction features
2026-05-03 16:27:05,967 - RealEstateAI - INFO - logging_utils - log_info - Function 'load_data': Loading data from E:\Jupyter Notebook\IIT Delhi AI Projects\Machine Learning\House Price Prediction\Bengaluru_House_Data.csv
2026-05-03 16:27:06,077 - RealEstateAI - INFO - logging_utils - log_info - Function 'load_data': Data loaded successfully. Shape: (13320, 9)
2026-05-03 16:27:06,080 - RealEstateAI - INFO - logging_utils - log_info - Function 'preprocess': Starting complete preprocessing pipeline
2026-05-03 16:27:06,080 - RealEstateAI - INFO - logging_utils - log_info - Function 'clean_column_names': Cleaning column names
2026-05-03 16:27:06,098 - RealEstateAI - INFO - logging_utils - log_info - Function 'clean_column_names': Column names cleaned
2026-05-03 16:27:06,099 - RealEstateAI - INFO - logging_utils - log_info - Function 'handle_missing_values': Starting missing value handling
2026-05-03 16:27:06,132 - RealEstateAI - INFO - logging_utils - log_info - Function 'handle_missing_values': Missing values reduced from 6201 to 16
2026-05-03 16:27:06,132 - RealEstateAI - INFO - logging_utils - log_info - Function 'handle_duplicates': Checking for duplicates
2026-05-03 16:27:06,218 - RealEstateAI - INFO - logging_utils - log_info - Function 'handle_duplicates': Removed 530 duplicate rows
2026-05-03 16:27:06,219 - RealEstateAI - INFO - logging_utils - log_info - Function 'clean_square_footage': Starting square footage cleaning
2026-05-03 16:27:06,263 - RealEstateAI - INFO - logging_utils - log_info - Function 'clean_square_footage': Square footage cleaned. Rows remaining: 12784
2026-05-03 16:27:06,263 - RealEstateAI - INFO - logging_utils - log_info - Function 'extract_bhk': Extracting BHK values
2026-05-03 16:27:06,387 - RealEstateAI - INFO - logging_utils - log_info - Function 'extract_bhk': BHK extracted. BHK distribution: {2.0: 5244, 3.0: 4655, 4.0: 1398, 1.0: 636, 5.0: 349, 6.0: 220, 7.0: 99, 8.0: 88, 9.0: 53, 10.0: 14, 11.0: 4, 27.0: 1, 19.0: 1, 16.0: 1, 43.0: 1, 14.0: 1, 12.0: 1, 13.0: 1, 18.0: 1}
2026-05-03 16:27:06,388 - RealEstateAI - INFO - logging_utils - log_info - Function 'calculate_price_per_sqft': Calculating price per sqft
2026-05-03 16:27:06,429 - RealEstateAI - INFO - logging_utils - log_info - Function 'calculate_price_per_sqft': Price per sqft calculated. Range: 2.26 - 12000000.00
2026-05-03 16:27:06,510 - RealEstateAI - INFO - logging_utils - log_info - Function 'calculate_total_rooms': Calculating total rooms
2026-05-03 16:27:06,548 - RealEstateAI - INFO - logging_utils - log_info - Function 'calculate_total_rooms': Total rooms calculated. Range: 2 - 83
2026-05-03 16:27:06,552 - RealEstateAI - INFO - logging_utils - log_info - Function 'detect_outliers': Detecting outliers using iqr method
2026-05-03 16:27:06,649 - RealEstateAI - INFO - logging_utils - log_info - Function 'detect_outliers': Removed 2181 outliers. Rows remaining: 10587
2026-05-03 16:27:06,666 - RealEstateAI - INFO - logging_utils - log_info - Function 'preprocess': Preprocessing complete. Rows: 13320 -> 10587
2026-05-03 16:27:06,672 - RealEstateAI - INFO - logging_utils - log_info - Function 'create_all_features': Starting complete feature engineering
2026-05-03 16:27:06,683 - RealEstateAI - INFO - logging_utils - log_info - Function 'create_price_per_sqft_feature': Creating price per sqft feature
2026-05-03 16:27:06,689 - RealEstateAI - INFO - logging_utils - log_info - Function 'create_bhk_category': Creating BHK category feature
2026-05-03 16:27:06,707 - RealEstateAI - INFO - logging_utils - log_info - Function 'create_total_rooms': Creating total rooms feature
2026-05-03 16:27:06,730 - RealEstateAI - INFO - logging_utils - log_info - Function 'create_luxury_indicators': Creating luxury indicators
2026-05-03 16:27:06,747 - RealEstateAI - INFO - logging_utils - log_info - Function 'create_area_density_features': Creating area density features
2026-05-03 16:27:06,848 - RealEstateAI - INFO - logging_utils - log_info - Function 'create_locality_frequency_encoding': Creating frequency encoding
2026-05-03 16:27:06,864 - RealEstateAI - INFO - logging_utils - log_info - Function 'create_locality_popularity': Creating popularity score
2026-05-03 16:27:06,892 - RealEstateAI - INFO - logging_utils - log_info - Function 'create_property_segmentation': Creating property segmentation
2026-05-03 16:27:06,905 - RealEstateAI - INFO - logging_utils - log_info - Function 'create_premium_area_classification': Creating premium area classification
2026-05-03 16:27:06,931 - RealEstateAI - INFO - logging_utils - log_info - Function 'create_affordability_metrics': Creating affordability metrics
2026-05-03 16:27:06,940 - RealEstateAI - INFO - logging_utils - log_info - Function 'create_investment_score': Creating investment score
2026-05-03 16:27:07,011 - RealEstateAI - INFO - logging_utils - log_info - Function 'create_time_features': Creating time features
2026-05-03 16:27:07,055 - RealEstateAI - INFO - logging_utils - log_info - Function 'create_interaction_features': Creating interaction features
2026-05-03 16:27:07,062 - RealEstateAI - INFO - logging_utils - log_info - Function 'detect_all_anomalies': Starting complete anomaly detection
2026-05-03 16:27:07,062 - RealEstateAI - INFO - logging_utils - log_info - Function 'detect_anomalies_isolation_forest': Starting Isolation Forest anomaly detection
2026-05-03 16:27:07,667 - RealEstateAI - INFO - logging_utils - log_info - Function 'detect_anomalies_isolation_forest': Found 530 anomalies (5.01%)
2026-05-03 16:27:07,667 - RealEstateAI - INFO - logging_utils - log_info - Function 'detect_anomalies_lof': Starting LOF anomaly detection
2026-05-03 16:27:07,936 - RealEstateAI - INFO - logging_utils - log_info - Function 'detect_anomalies_lof': Found 530 anomalies (5.01%)
2026-05-03 16:27:07,936 - RealEstateAI - INFO - logging_utils - log_info - Function 'detect_overpriced_properties': Detecting overpriced properties
2026-05-03 16:27:10,867 - RealEstateAI - INFO - logging_utils - log_info - Function 'detect_overpriced_properties': Found 259 overpriced properties
2026-05-03 16:27:10,867 - RealEstateAI - INFO - logging_utils - log_info - Function 'detect_underpriced_properties': Detecting underpriced properties
2026-05-03 16:27:13,362 - RealEstateAI - INFO - logging_utils - log_info - Function 'detect_underpriced_properties': Found 58 underpriced properties
2026-05-03 16:27:13,362 - RealEstateAI - INFO - logging_utils - log_info - Function 'detect_suspicious_listings': Detecting suspicious listings
2026-05-03 16:27:13,384 - RealEstateAI - INFO - logging_utils - log_info - Function 'detect_suspicious_listings': Found 268 suspicious listings
2026-05-03 16:27:13,385 - RealEstateAI - INFO - logging_utils - log_info - Function 'detect_anomalies_statistical': Starting statistical anomaly detection
2026-05-03 16:27:13,404 - RealEstateAI - INFO - logging_utils - log_info - Function 'detect_all_anomalies': Combined: 1466 anomalies (13.85%)
2026-05-03 16:27:13,410 - RealEstateAI - INFO - logging_utils - log_info - Function 'calculate_investment_score': Starting investment score calculation
2026-05-03 16:27:13,466 - RealEstateAI - INFO - logging_utils - log_info - Function 'calculate_investment_score': Investment scores calculated. Range: 0.289 - 0.874
2026-05-03 16:27:13,470 - RealEstateAI - INFO - logging_utils - log_info - Function 'create_composite_score': Creating composite score
2026-05-03 16:27:13,470 - RealEstateAI - WARNING - logging_utils - log_warning - Function 'create_composite_score': Missing column: investment_score
2026-05-03 16:27:13,471 - RealEstateAI - WARNING - logging_utils - log_warning - Function 'create_composite_score': Missing column: popularity_score
2026-05-03 16:27:13,472 - RealEstateAI - WARNING - logging_utils - log_warning - Function 'create_composite_score': Missing column: appreciation_score
2026-05-03 16:27:13,473 - RealEstateAI - WARNING - logging_utils - log_warning - Function 'create_composite_score': Missing column: affordability_index
2026-05-03 16:27:13,474 - RealEstateAI - WARNING - logging_utils - log_warning - Function 'create_composite_score': Missing column: risk_score
2026-05-03 16:27:13,497 - RealEstateAI - INFO - logging_utils - log_info - Function 'create_composite_score': Composite scores calculated. Range: 0.500 - 0.500
2026-05-03 16:27:13,527 - RealEstateAI - INFO - logging_utils - log_info - Function 'load_preprocessor': Preprocessor loaded from E:\Jupyter Notebook\IIT Delhi AI Projects\Machine Learning\House Price Prediction\models\preprocessor.pkl
2026-05-03 16:27:13,559 - RealEstateAI - INFO - logging_utils - log_info - Function 'load_model': Anomaly detection model loaded from E:\Jupyter Notebook\IIT Delhi AI Projects\Machine Learning\House Price Prediction\models\anomaly_detector.pkl
2026-05-03 16:27:13,587 - RealEstateAI - INFO - logging_utils - log_info - Function 'load_model': Investment scorer loaded from E:\Jupyter Notebook\IIT Delhi AI Projects\Machine Learning\House Price Prediction\models\investment_scorer.pkl
2026-05-03 16:27:13,615 - RealEstateAI - INFO - logging_utils - log_info - Function 'load_model': Model loaded from E:\Jupyter Notebook\IIT Delhi AI Projects\Machine Learning\House Price Prediction\models\best_model.pkl
2026-05-03 16:27:14,763 - RealEstateAI - INFO - logging_utils - log_info - Function 'create_price_distribution_plot': Creating price distribution plot
2026-05-03 16:27:23,246 - RealEstateAI - INFO - logging_utils - log_info - Function 'load_data': Loading data from E:\Jupyter Notebook\IIT Delhi AI Projects\Machine Learning\House Price Prediction\Bengaluru_House_Data.csv
2026-05-03 16:27:23,314 - RealEstateAI - INFO - logging_utils - log_info - Function 'load_data': Data loaded successfully. Shape: (13320, 9)
2026-05-03 16:27:23,316 - RealEstateAI - INFO - logging_utils - log_info - Function 'preprocess': Starting complete preprocessing pipeline
2026-05-03 16:27:23,317 - RealEstateAI - INFO - logging_utils - log_info - Function 'clean_column_names': Cleaning column names
2026-05-03 16:27:23,317 - RealEstateAI - INFO - logging_utils - log_info - Function 'clean_column_names': Column names cleaned
2026-05-03 16:27:23,318 - RealEstateAI - INFO - logging_utils - log_info - Function 'handle_missing_values': Starting missing value handling
2026-05-03 16:27:23,324 - RealEstateAI - INFO - logging_utils - log_info - Function 'handle_missing_values': Missing values reduced from 6201 to 16
2026-05-03 16:27:23,327 - RealEstateAI - INFO - logging_utils - log_info - Function 'handle_duplicates': Checking for duplicates
2026-05-03 16:27:23,347 - RealEstateAI - INFO - logging_utils - log_info - Function 'handle_duplicates': Removed 530 duplicate rows
2026-05-03 16:27:23,347 - RealEstateAI - INFO - logging_utils - log_info - Function 'clean_square_footage': Starting square footage cleaning
2026-05-03 16:27:23,360 - RealEstateAI - INFO - logging_utils - log_info - Function 'clean_square_footage': Square footage cleaned. Rows remaining: 12784
2026-05-03 16:27:23,360 - RealEstateAI - INFO - logging_utils - log_info - Function 'extract_bhk': Extracting BHK values
2026-05-03 16:27:23,387 - RealEstateAI - INFO - logging_utils - log_info - Function 'extract_bhk': BHK extracted. BHK distribution: {2.0: 5244, 3.0: 4655, 4.0: 1398, 1.0: 636, 5.0: 349, 6.0: 220, 7.0: 99, 8.0: 88, 9.0: 53, 10.0: 14, 11.0: 4, 27.0: 1, 19.0: 1, 16.0: 1, 43.0: 1, 14.0: 1, 12.0: 1, 13.0: 1, 18.0: 1}
2026-05-03 16:27:23,387 - RealEstateAI - INFO - logging_utils - log_info - Function 'calculate_price_per_sqft': Calculating price per sqft
2026-05-03 16:27:23,390 - RealEstateAI - INFO - logging_utils - log_info - Function 'calculate_price_per_sqft': Price per sqft calculated. Range: 2.26 - 12000000.00
2026-05-03 16:27:23,390 - RealEstateAI - INFO - logging_utils - log_info - Function 'calculate_total_rooms': Calculating total rooms
2026-05-03 16:27:23,391 - RealEstateAI - INFO - logging_utils - log_info - Function 'calculate_total_rooms': Total rooms calculated. Range: 2 - 83
2026-05-03 16:27:23,391 - RealEstateAI - INFO - logging_utils - log_info - Function 'detect_outliers': Detecting outliers using iqr method
2026-05-03 16:27:23,403 - RealEstateAI - INFO - logging_utils - log_info - Function 'detect_outliers': Removed 2181 outliers. Rows remaining: 10587
2026-05-03 16:27:23,403 - RealEstateAI - INFO - logging_utils - log_info - Function 'preprocess': Preprocessing complete. Rows: 13320 -> 10587
2026-05-03 16:27:23,404 - RealEstateAI - INFO - logging_utils - log_info - Function 'create_all_features': Starting complete feature engineering
2026-05-03 16:27:23,404 - RealEstateAI - INFO - logging_utils - log_info - Function 'create_price_per_sqft_feature': Creating price per sqft feature
2026-05-03 16:27:23,405 - RealEstateAI - INFO - logging_utils - log_info - Function 'create_bhk_category': Creating BHK category feature
2026-05-03 16:27:23,413 - RealEstateAI - INFO - logging_utils - log_info - Function 'create_total_rooms': Creating total rooms feature
2026-05-03 16:27:23,417 - RealEstateAI - INFO - logging_utils - log_info - Function 'create_luxury_indicators': Creating luxury indicators
2026-05-03 16:27:23,420 - RealEstateAI - INFO - logging_utils - log_info - Function 'create_area_density_features': Creating area density features
2026-05-03 16:27:23,437 - RealEstateAI - INFO - logging_utils - log_info - Function 'create_locality_frequency_encoding': Creating frequency encoding
2026-05-03 16:27:23,446 - RealEstateAI - INFO - logging_utils - log_info - Function 'create_locality_popularity': Creating popularity score
2026-05-03 16:27:23,462 - RealEstateAI - INFO - logging_utils - log_info - Function 'create_property_segmentation': Creating property segmentation
2026-05-03 16:27:23,467 - RealEstateAI - INFO - logging_utils - log_info - Function 'create_premium_area_classification': Creating premium area classification
2026-05-03 16:27:23,477 - RealEstateAI - INFO - logging_utils - log_info - Function 'create_affordability_metrics': Creating affordability metrics
2026-05-03 16:27:23,483 - RealEstateAI - INFO - logging_utils - log_info - Function 'create_investment_score': Creating investment score
2026-05-03 16:27:23,507 - RealEstateAI - INFO - logging_utils - log_info - Function 'create_time_features': Creating time features
2026-05-03 16:27:23,532 - RealEstateAI - INFO - logging_utils - log_info - Function 'create_interaction_features': Creating interaction features
2026-05-03 16:27:23,536 - RealEstateAI - INFO - logging_utils - log_info - Function 'detect_all_anomalies': Starting complete anomaly detection
2026-05-03 16:27:23,536 - RealEstateAI - INFO - logging_utils - log_info - Function 'detect_anomalies_isolation_forest': Starting Isolation Forest anomaly detection
2026-05-03 16:27:23,921 - RealEstateAI - INFO - logging_utils - log_info - Function 'detect_anomalies_isolation_forest': Found 530 anomalies (5.01%)
2026-05-03 16:27:23,922 - RealEstateAI - INFO - logging_utils - log_info - Function 'detect_anomalies_lof': Starting LOF anomaly detection
2026-05-03 16:27:24,148 - RealEstateAI - INFO - logging_utils - log_info - Function 'detect_anomalies_lof': Found 530 anomalies (5.01%)
2026-05-03 16:27:24,148 - RealEstateAI - INFO - logging_utils - log_info - Function 'detect_overpriced_properties': Detecting overpriced properties
2026-05-03 16:27:26,271 - RealEstateAI - INFO - logging_utils - log_info - Function 'detect_overpriced_properties': Found 259 overpriced properties
2026-05-03 16:27:26,272 - RealEstateAI - INFO - logging_utils - log_info - Function 'detect_underpriced_properties': Detecting underpriced properties
2026-05-03 16:27:28,524 - RealEstateAI - INFO - logging_utils - log_info - Function 'detect_underpriced_properties': Found 58 underpriced properties
2026-05-03 16:27:28,524 - RealEstateAI - INFO - logging_utils - log_info - Function 'detect_suspicious_listings': Detecting suspicious listings
2026-05-03 16:27:28,537 - RealEstateAI - INFO - logging_utils - log_info - Function 'detect_suspicious_listings': Found 268 suspicious listings
2026-05-03 16:27:28,538 - RealEstateAI - INFO - logging_utils - log_info - Function 'detect_anomalies_statistical': Starting statistical anomaly detection
2026-05-03 16:27:28,556 - RealEstateAI - INFO - logging_utils - log_info - Function 'detect_all_anomalies': Combined: 1466 anomalies (13.85%)
2026-05-03 16:27:28,561 - RealEstateAI - INFO - logging_utils - log_info - Function 'calculate_investment_score': Starting investment score calculation
2026-05-03 16:27:28,612 - RealEstateAI - INFO - logging_utils - log_info - Function 'calculate_investment_score': Investment scores calculated. Range: 0.289 - 0.874
2026-05-03 16:27:28,616 - RealEstateAI - INFO - logging_utils - log_info - Function 'create_composite_score': Creating composite score
2026-05-03 16:27:28,616 - RealEstateAI - WARNING - logging_utils - log_warning - Function 'create_composite_score': Missing column: investment_score
2026-05-03 16:27:28,617 - RealEstateAI - WARNING - logging_utils - log_warning - Function 'create_composite_score': Missing column: popularity_score
2026-05-03 16:27:28,618 - RealEstateAI - WARNING - logging_utils - log_warning - Function 'create_composite_score': Missing column: appreciation_score
2026-05-03 16:27:28,619 - RealEstateAI - WARNING - logging_utils - log_warning - Function 'create_composite_score': Missing column: affordability_index
2026-05-03 16:27:28,620 - RealEstateAI - WARNING - logging_utils - log_warning - Function 'create_composite_score': Missing column: risk_score
2026-05-03 16:27:28,636 - RealEstateAI - INFO - logging_utils - log_info - Function 'create_composite_score': Composite scores calculated. Range: 0.500 - 0.500
2026-05-03 16:27:28,638 - RealEstateAI - INFO - logging_utils - log_info - Function 'load_preprocessor': Preprocessor loaded from E:\Jupyter Notebook\IIT Delhi AI Projects\Machine Learning\House Price Prediction\models\preprocessor.pkl
2026-05-03 16:27:28,651 - RealEstateAI - INFO - logging_utils - log_info - Function 'load_model': Anomaly detection model loaded from E:\Jupyter Notebook\IIT Delhi AI Projects\Machine Learning\House Price Prediction\models\anomaly_detector.pkl
2026-05-03 16:27:28,653 - RealEstateAI - INFO - logging_utils - log_info - Function 'load_model': Investment scorer loaded from E:\Jupyter Notebook\IIT Delhi AI Projects\Machine Learning\House Price Prediction\models\investment_scorer.pkl
2026-05-03 16:27:28,662 - RealEstateAI - INFO - logging_utils - log_info - Function 'load_model': Model loaded from E:\Jupyter Notebook\IIT Delhi AI Projects\Machine Learning\House Price Prediction\models\best_model.pkl
2026-05-03 16:27:34,807 - RealEstateAI - INFO - logging_utils - log_info - Function 'load_data': Loading data from E:\Jupyter Notebook\IIT Delhi AI Projects\Machine Learning\House Price Prediction\Bengaluru_House_Data.csv
2026-05-03 16:27:34,864 - RealEstateAI - INFO - logging_utils - log_info - Function 'load_data': Data loaded successfully. Shape: (13320, 9)
2026-05-03 16:27:34,864 - RealEstateAI - INFO - logging_utils - log_info - Function 'preprocess': Starting complete preprocessing pipeline
2026-05-03 16:27:34,865 - RealEstateAI - INFO - logging_utils - log_info - Function 'clean_column_names': Cleaning column names
2026-05-03 16:27:34,865 - RealEstateAI - INFO - logging_utils - log_info - Function 'clean_column_names': Column names cleaned
2026-05-03 16:27:34,867 - RealEstateAI - INFO - logging_utils - log_info - Function 'handle_missing_values': Starting missing value handling
2026-05-03 16:27:34,870 - RealEstateAI - INFO - logging_utils - log_info - Function 'handle_missing_values': Missing values reduced from 6201 to 16
2026-05-03 16:27:34,871 - RealEstateAI - INFO - logging_utils - log_info - Function 'handle_duplicates': Checking for duplicates
2026-05-03 16:27:34,895 - RealEstateAI - INFO - logging_utils - log_info - Function 'handle_duplicates': Removed 530 duplicate rows
2026-05-03 16:27:34,896 - RealEstateAI - INFO - logging_utils - log_info - Function 'clean_square_footage': Starting square footage cleaning
2026-05-03 16:27:34,910 - RealEstateAI - INFO - logging_utils - log_info - Function 'clean_square_footage': Square footage cleaned. Rows remaining: 12784
2026-05-03 16:27:34,910 - RealEstateAI - INFO - logging_utils - log_info - Function 'extract_bhk': Extracting BHK values
2026-05-03 16:27:34,936 - RealEstateAI - INFO - logging_utils - log_info - Function 'extract_bhk': BHK extracted. BHK distribution: {2.0: 5244, 3.0: 4655, 4.0: 1398, 1.0: 636, 5.0: 349, 6.0: 220, 7.0: 99, 8.0: 88, 9.0: 53, 10.0: 14, 11.0: 4, 27.0: 1, 19.0: 1, 16.0: 1, 43.0: 1, 14.0: 1, 12.0: 1, 13.0: 1, 18.0: 1}
2026-05-03 16:27:34,936 - RealEstateAI - INFO - logging_utils - log_info - Function 'calculate_price_per_sqft': Calculating price per sqft
2026-05-03 16:27:34,937 - RealEstateAI - INFO - logging_utils - log_info - Function 'calculate_price_per_sqft': Price per sqft calculated. Range: 2.26 - 12000000.00
2026-05-03 16:27:34,938 - RealEstateAI - INFO - logging_utils - log_info - Function 'calculate_total_rooms': Calculating total rooms
2026-05-03 16:27:34,939 - RealEstateAI - INFO - logging_utils - log_info - Function 'calculate_total_rooms': Total rooms calculated. Range: 2 - 83
2026-05-03 16:27:34,939 - RealEstateAI - INFO - logging_utils - log_info - Function 'detect_outliers': Detecting outliers using iqr method
2026-05-03 16:27:34,951 - RealEstateAI - INFO - logging_utils - log_info - Function 'detect_outliers': Removed 2181 outliers. Rows remaining: 10587
2026-05-03 16:27:34,951 - RealEstateAI - INFO - logging_utils - log_info - Function 'preprocess': Preprocessing complete. Rows: 13320 -> 10587
2026-05-03 16:27:34,951 - RealEstateAI - INFO - logging_utils - log_info - Function 'create_all_features': Starting complete feature engineering
2026-05-03 16:27:34,951 - RealEstateAI - INFO - logging_utils - log_info - Function 'create_price_per_sqft_feature': Creating price per sqft feature
2026-05-03 16:27:34,952 - RealEstateAI - INFO - logging_utils - log_info - Function 'create_bhk_category': Creating BHK category feature
2026-05-03 16:27:34,956 - RealEstateAI - INFO - logging_utils - log_info - Function 'create_total_rooms': Creating total rooms feature
2026-05-03 16:27:34,961 - RealEstateAI - INFO - logging_utils - log_info - Function 'create_luxury_indicators': Creating luxury indicators
2026-05-03 16:27:34,964 - RealEstateAI - INFO - logging_utils - log_info - Function 'create_area_density_features': Creating area density features
2026-05-03 16:27:34,982 - RealEstateAI - INFO - logging_utils - log_info - Function 'create_locality_frequency_encoding': Creating frequency encoding
2026-05-03 16:27:34,989 - RealEstateAI - INFO - logging_utils - log_info - Function 'create_locality_popularity': Creating popularity score
2026-05-03 16:27:35,001 - RealEstateAI - INFO - logging_utils - log_info - Function 'create_property_segmentation': Creating property segmentation
2026-05-03 16:27:35,006 - RealEstateAI - INFO - logging_utils - log_info - Function 'create_premium_area_classification': Creating premium area classification
2026-05-03 16:27:35,018 - RealEstateAI - INFO - logging_utils - log_info - Function 'create_affordability_metrics': Creating affordability metrics
2026-05-03 16:27:35,023 - RealEstateAI - INFO - logging_utils - log_info - Function 'create_investment_score': Creating investment score
2026-05-03 16:27:35,047 - RealEstateAI - INFO - logging_utils - log_info - Function 'create_time_features': Creating time features
2026-05-03 16:27:35,069 - RealEstateAI - INFO - logging_utils - log_info - Function 'create_interaction_features': Creating interaction features
2026-05-03 16:27:35,073 - RealEstateAI - INFO - logging_utils - log_info - Function 'detect_all_anomalies': Starting complete anomaly detection
2026-05-03 16:27:35,073 - RealEstateAI - INFO - logging_utils - log_info - Function 'detect_anomalies_isolation_forest': Starting Isolation Forest anomaly detection
2026-05-03 16:27:35,422 - RealEstateAI - INFO - logging_utils - log_info - Function 'detect_anomalies_isolation_forest': Found 530 anomalies (5.01%)
2026-05-03 16:27:35,422 - RealEstateAI - INFO - logging_utils - log_info - Function 'detect_anomalies_lof': Starting LOF anomaly detection
2026-05-03 16:27:35,603 - RealEstateAI - INFO - logging_utils - log_info - Function 'detect_anomalies_lof': Found 530 anomalies (5.01%)
2026-05-03 16:27:35,605 - RealEstateAI - INFO - logging_utils - log_info - Function 'detect_overpriced_properties': Detecting overpriced properties
2026-05-03 16:27:37,166 - RealEstateAI - INFO - logging_utils - log_info - Function 'detect_overpriced_properties': Found 259 overpriced properties
2026-05-03 16:27:37,168 - RealEstateAI - INFO - logging_utils - log_info - Function 'detect_underpriced_properties': Detecting underpriced properties
2026-05-03 16:27:38,744 - RealEstateAI - INFO - logging_utils - log_info - Function 'detect_underpriced_properties': Found 58 underpriced properties
2026-05-03 16:27:38,745 - RealEstateAI - INFO - logging_utils - log_info - Function 'detect_suspicious_listings': Detecting suspicious listings
2026-05-03 16:27:38,758 - RealEstateAI - INFO - logging_utils - log_info - Function 'detect_suspicious_listings': Found 268 suspicious listings
2026-05-03 16:27:38,759 - RealEstateAI - INFO - logging_utils - log_info - Function 'detect_anomalies_statistical': Starting statistical anomaly detection
2026-05-03 16:27:38,774 - RealEstateAI - INFO - logging_utils - log_info - Function 'detect_all_anomalies': Combined: 1466 anomalies (13.85%)
2026-05-03 16:27:38,778 - RealEstateAI - INFO - logging_utils - log_info - Function 'calculate_investment_score': Starting investment score calculation
2026-05-03 16:27:38,824 - RealEstateAI - INFO - logging_utils - log_info - Function 'calculate_investment_score': Investment scores calculated. Range: 0.289 - 0.874
2026-05-03 16:27:38,828 - RealEstateAI - INFO - logging_utils - log_info - Function 'create_composite_score': Creating composite score
2026-05-03 16:27:38,829 - RealEstateAI - WARNING - logging_utils - log_warning - Function 'create_composite_score': Missing column: investment_score
2026-05-03 16:27:38,831 - RealEstateAI - WARNING - logging_utils - log_warning - Function 'create_composite_score': Missing column: popularity_score
2026-05-03 16:27:38,831 - RealEstateAI - WARNING - logging_utils - log_warning - Function 'create_composite_score': Missing column: appreciation_score
2026-05-03 16:27:38,832 - RealEstateAI - WARNING - logging_utils - log_warning - Function 'create_composite_score': Missing column: affordability_index
2026-05-03 16:27:38,834 - RealEstateAI - WARNING - logging_utils - log_warning - Function 'create_composite_score': Missing column: risk_score
2026-05-03 16:27:38,849 - RealEstateAI - INFO - logging_utils - log_info - Function 'create_composite_score': Composite scores calculated. Range: 0.500 - 0.500
2026-05-03 16:27:38,851 - RealEstateAI - INFO - logging_utils - log_info - Function 'load_preprocessor': Preprocessor loaded from E:\Jupyter Notebook\IIT Delhi AI Projects\Machine Learning\House Price Prediction\models\preprocessor.pkl
2026-05-03 16:27:38,863 - RealEstateAI - INFO - logging_utils - log_info - Function 'load_model': Anomaly detection model loaded from E:\Jupyter Notebook\IIT Delhi AI Projects\Machine Learning\House Price Prediction\models\anomaly_detector.pkl
2026-05-03 16:27:38,867 - RealEstateAI - INFO - logging_utils - log_info - Function 'load_model': Investment scorer loaded from E:\Jupyter Notebook\IIT Delhi AI Projects\Machine Learning\House Price Prediction\models\investment_scorer.pkl
2026-05-03 16:27:38,873 - RealEstateAI - INFO - logging_utils - log_info - Function 'load_model': Model loaded from E:\Jupyter Notebook\IIT Delhi AI Projects\Machine Learning\House Price Prediction\models\best_model.pkl
2026-05-03 16:27:38,949 - RealEstateAI - INFO - logging_utils - log_info - Function 'create_price_distribution_plot': Creating price distribution plot
2026-05-03 16:28:13,262 - RealEstateAI - INFO - logging_utils - log_info - Function 'load_data': Loading data from E:\Jupyter Notebook\IIT Delhi AI Projects\Machine Learning\House Price Prediction\Bengaluru_House_Data.csv
2026-05-03 16:28:13,307 - RealEstateAI - INFO - logging_utils - log_info - Function 'load_data': Data loaded successfully. Shape: (13320, 9)
2026-05-03 16:28:13,312 - RealEstateAI - INFO - logging_utils - log_info - Function 'preprocess': Starting complete preprocessing pipeline
2026-05-03 16:28:13,314 - RealEstateAI - INFO - logging_utils - log_info - Function 'clean_column_names': Cleaning column names
2026-05-03 16:28:13,317 - RealEstateAI - INFO - logging_utils - log_info - Function 'clean_column_names': Column names cleaned
2026-05-03 16:28:13,318 - RealEstateAI - INFO - logging_utils - log_info - Function 'handle_missing_values': Starting missing value handling
2026-05-03 16:28:13,323 - RealEstateAI - INFO - logging_utils - log_info - Function 'handle_missing_values': Missing values reduced from 6201 to 16
2026-05-03 16:28:13,323 - RealEstateAI - INFO - logging_utils - log_info - Function 'handle_duplicates': Checking for duplicates
2026-05-03 16:28:13,348 - RealEstateAI - INFO - logging_utils - log_info - Function 'handle_duplicates': Removed 530 duplicate rows
2026-05-03 16:28:13,348 - RealEstateAI - INFO - logging_utils - log_info - Function 'clean_square_footage': Starting square footage cleaning
2026-05-03 16:28:13,361 - RealEstateAI - INFO - logging_utils - log_info - Function 'clean_square_footage': Square footage cleaned. Rows remaining: 12784
2026-05-03 16:28:13,361 - RealEstateAI - INFO - logging_utils - log_info - Function 'extract_bhk': Extracting BHK values
2026-05-03 16:28:13,386 - RealEstateAI - INFO - logging_utils - log_info - Function 'extract_bhk': BHK extracted. BHK distribution: {2.0: 5244, 3.0: 4655, 4.0: 1398, 1.0: 636, 5.0: 349, 6.0: 220, 7.0: 99, 8.0: 88, 9.0: 53, 10.0: 14, 11.0: 4, 27.0: 1, 19.0: 1, 16.0: 1, 43.0: 1, 14.0: 1, 12.0: 1, 13.0: 1, 18.0: 1}
2026-05-03 16:28:13,387 - RealEstateAI - INFO - logging_utils - log_info - Function 'calculate_price_per_sqft': Calculating price per sqft
2026-05-03 16:28:13,388 - RealEstateAI - INFO - logging_utils - log_info - Function 'calculate_price_per_sqft': Price per sqft calculated. Range: 2.26 - 12000000.00
2026-05-03 16:28:13,388 - RealEstateAI - INFO - logging_utils - log_info - Function 'calculate_total_rooms': Calculating total rooms
2026-05-03 16:28:13,389 - RealEstateAI - INFO - logging_utils - log_info - Function 'calculate_total_rooms': Total rooms calculated. Range: 2 - 83
2026-05-03 16:28:13,389 - RealEstateAI - INFO - logging_utils - log_info - Function 'detect_outliers': Detecting outliers using iqr method
2026-05-03 16:28:13,401 - RealEstateAI - INFO - logging_utils - log_info - Function 'detect_outliers': Removed 2181 outliers. Rows remaining: 10587
2026-05-03 16:28:13,401 - RealEstateAI - INFO - logging_utils - log_info - Function 'preprocess': Preprocessing complete. Rows: 13320 -> 10587
2026-05-03 16:28:13,402 - RealEstateAI - INFO - logging_utils - log_info - Function 'create_all_features': Starting complete feature engineering
2026-05-03 16:28:13,402 - RealEstateAI - INFO - logging_utils - log_info - Function 'create_price_per_sqft_feature': Creating price per sqft feature
2026-05-03 16:28:13,403 - RealEstateAI - INFO - logging_utils - log_info - Function 'create_bhk_category': Creating BHK category feature
2026-05-03 16:28:13,407 - RealEstateAI - INFO - logging_utils - log_info - Function 'create_total_rooms': Creating total rooms feature
2026-05-03 16:28:13,413 - RealEstateAI - INFO - logging_utils - log_info - Function 'create_luxury_indicators': Creating luxury indicators
2026-05-03 16:28:13,416 - RealEstateAI - INFO - logging_utils - log_info - Function 'create_area_density_features': Creating area density features
2026-05-03 16:28:13,432 - RealEstateAI - INFO - logging_utils - log_info - Function 'create_locality_frequency_encoding': Creating frequency encoding
2026-05-03 16:28:13,439 - RealEstateAI - INFO - logging_utils - log_info - Function 'create_locality_popularity': Creating popularity score
2026-05-03 16:28:13,452 - RealEstateAI - INFO - logging_utils - log_info - Function 'create_property_segmentation': Creating property segmentation
2026-05-03 16:28:13,457 - RealEstateAI - INFO - logging_utils - log_info - Function 'create_premium_area_classification': Creating premium area classification
2026-05-03 16:28:13,467 - RealEstateAI - INFO - logging_utils - log_info - Function 'create_affordability_metrics': Creating affordability metrics
2026-05-03 16:28:13,472 - RealEstateAI - INFO - logging_utils - log_info - Function 'create_investment_score': Creating investment score
2026-05-03 16:28:13,502 - RealEstateAI - INFO - logging_utils - log_info - Function 'create_time_features': Creating time features
2026-05-03 16:28:13,527 - RealEstateAI - INFO - logging_utils - log_info - Function 'create_interaction_features': Creating interaction features
2026-05-03 16:28:13,532 - RealEstateAI - INFO - logging_utils - log_info - Function 'detect_all_anomalies': Starting complete anomaly detection
2026-05-03 16:28:13,532 - RealEstateAI - INFO - logging_utils - log_info - Function 'detect_anomalies_isolation_forest': Starting Isolation Forest anomaly detection
2026-05-03 16:28:13,870 - RealEstateAI - INFO - logging_utils - log_info - Function 'detect_anomalies_isolation_forest': Found 530 anomalies (5.01%)
2026-05-03 16:28:13,870 - RealEstateAI - INFO - logging_utils - log_info - Function 'detect_anomalies_lof': Starting LOF anomaly detection
2026-05-03 16:28:14,052 - RealEstateAI - INFO - logging_utils - log_info - Function 'detect_anomalies_lof': Found 530 anomalies (5.01%)
2026-05-03 16:28:14,052 - RealEstateAI - INFO - logging_utils - log_info - Function 'detect_overpriced_properties': Detecting overpriced properties
2026-05-03 16:28:15,814 - RealEstateAI - INFO - logging_utils - log_info - Function 'detect_overpriced_properties': Found 259 overpriced properties
2026-05-03 16:28:15,814 - RealEstateAI - INFO - logging_utils - log_info - Function 'detect_underpriced_properties': Detecting underpriced properties
2026-05-03 16:28:17,475 - RealEstateAI - INFO - logging_utils - log_info - Function 'detect_underpriced_properties': Found 58 underpriced properties
2026-05-03 16:28:17,475 - RealEstateAI - INFO - logging_utils - log_info - Function 'detect_suspicious_listings': Detecting suspicious listings
2026-05-03 16:28:17,483 - RealEstateAI - INFO - logging_utils - log_info - Function 'detect_suspicious_listings': Found 268 suspicious listings
2026-05-03 16:28:17,483 - RealEstateAI - INFO - logging_utils - log_info - Function 'detect_anomalies_statistical': Starting statistical anomaly detection
2026-05-03 16:28:17,498 - RealEstateAI - INFO - logging_utils - log_info - Function 'detect_all_anomalies': Combined: 1466 anomalies (13.85%)
2026-05-03 16:28:17,502 - RealEstateAI - INFO - logging_utils - log_info - Function 'calculate_investment_score': Starting investment score calculation
2026-05-03 16:28:17,532 - RealEstateAI - INFO - logging_utils - log_info - Function 'calculate_investment_score': Investment scores calculated. Range: 0.289 - 0.874
2026-05-03 16:28:17,535 - RealEstateAI - INFO - logging_utils - log_info - Function 'create_composite_score': Creating composite score
2026-05-03 16:28:17,535 - RealEstateAI - WARNING - logging_utils - log_warning - Function 'create_composite_score': Missing column: investment_score
2026-05-03 16:28:17,536 - RealEstateAI - WARNING - logging_utils - log_warning - Function 'create_composite_score': Missing column: popularity_score
2026-05-03 16:28:17,537 - RealEstateAI - WARNING - logging_utils - log_warning - Function 'create_composite_score': Missing column: appreciation_score
2026-05-03 16:28:17,537 - RealEstateAI - WARNING - logging_utils - log_warning - Function 'create_composite_score': Missing column: affordability_index
2026-05-03 16:28:17,539 - RealEstateAI - WARNING - logging_utils - log_warning - Function 'create_composite_score': Missing column: risk_score
2026-05-03 16:28:17,549 - RealEstateAI - INFO - logging_utils - log_info - Function 'create_composite_score': Composite scores calculated. Range: 0.500 - 0.500
2026-05-03 16:28:17,551 - RealEstateAI - INFO - logging_utils - log_info - Function 'load_preprocessor': Preprocessor loaded from E:\Jupyter Notebook\IIT Delhi AI Projects\Machine Learning\House Price Prediction\models\preprocessor.pkl
2026-05-03 16:28:17,558 - RealEstateAI - INFO - logging_utils - log_info - Function 'load_model': Anomaly detection model loaded from E:\Jupyter Notebook\IIT Delhi AI Projects\Machine Learning\House Price Prediction\models\anomaly_detector.pkl
2026-05-03 16:28:17,562 - RealEstateAI - INFO - logging_utils - log_info - Function 'load_model': Investment scorer loaded from E:\Jupyter Notebook\IIT Delhi AI Projects\Machine Learning\House Price Prediction\models\investment_scorer.pkl
2026-05-03 16:28:17,569 - RealEstateAI - INFO - logging_utils - log_info - Function 'load_model': Model loaded from E:\Jupyter Notebook\IIT Delhi AI Projects\Machine Learning\House Price Prediction\models\best_model.pkl
2026-05-03 16:28:17,570 - RealEstateAI - INFO - logging_utils - log_info - Function 'get_anomaly_summary': Generating anomaly summary
2026-05-03 16:28:18,552 - RealEstateAI - INFO - logging_utils - log_info - Function 'load_data': Loading data from E:\Jupyter Notebook\IIT Delhi AI Projects\Machine Learning\House Price Prediction\Bengaluru_House_Data.csv
2026-05-03 16:28:18,598 - RealEstateAI - INFO - logging_utils - log_info - Function 'load_data': Data loaded successfully. Shape: (13320, 9)
2026-05-03 16:28:18,599 - RealEstateAI - INFO - logging_utils - log_info - Function 'preprocess': Starting complete preprocessing pipeline
2026-05-03 16:28:18,599 - RealEstateAI - INFO - logging_utils - log_info - Function 'clean_column_names': Cleaning column names
2026-05-03 16:28:18,601 - RealEstateAI - INFO - logging_utils - log_info - Function 'clean_column_names': Column names cleaned
2026-05-03 16:28:18,601 - RealEstateAI - INFO - logging_utils - log_info - Function 'handle_missing_values': Starting missing value handling
2026-05-03 16:28:18,605 - RealEstateAI - INFO - logging_utils - log_info - Function 'handle_missing_values': Missing values reduced from 6201 to 16
2026-05-03 16:28:18,606 - RealEstateAI - INFO - logging_utils - log_info - Function 'handle_duplicates': Checking for duplicates
2026-05-03 16:28:18,623 - RealEstateAI - INFO - logging_utils - log_info - Function 'handle_duplicates': Removed 530 duplicate rows
2026-05-03 16:28:18,623 - RealEstateAI - INFO - logging_utils - log_info - Function 'clean_square_footage': Starting square footage cleaning
2026-05-03 16:28:18,637 - RealEstateAI - INFO - logging_utils - log_info - Function 'clean_square_footage': Square footage cleaned. Rows remaining: 12784
2026-05-03 16:28:18,637 - RealEstateAI - INFO - logging_utils - log_info - Function 'extract_bhk': Extracting BHK values
2026-05-03 16:28:18,663 - RealEstateAI - INFO - logging_utils - log_info - Function 'extract_bhk': BHK extracted. BHK distribution: {2.0: 5244, 3.0: 4655, 4.0: 1398, 1.0: 636, 5.0: 349, 6.0: 220, 7.0: 99, 8.0: 88, 9.0: 53, 10.0: 14, 11.0: 4, 27.0: 1, 19.0: 1, 16.0: 1, 43.0: 1, 14.0: 1, 12.0: 1, 13.0: 1, 18.0: 1}
2026-05-03 16:28:18,664 - RealEstateAI - INFO - logging_utils - log_info - Function 'calculate_price_per_sqft': Calculating price per sqft
2026-05-03 16:28:18,665 - RealEstateAI - INFO - logging_utils - log_info - Function 'calculate_price_per_sqft': Price per sqft calculated. Range: 2.26 - 12000000.00
2026-05-03 16:28:18,665 - RealEstateAI - INFO - logging_utils - log_info - Function 'calculate_total_rooms': Calculating total rooms
2026-05-03 16:28:18,668 - RealEstateAI - INFO - logging_utils - log_info - Function 'calculate_total_rooms': Total rooms calculated. Range: 2 - 83
2026-05-03 16:28:18,668 - RealEstateAI - INFO - logging_utils - log_info - Function 'detect_outliers': Detecting outliers using iqr method
2026-05-03 16:28:18,680 - RealEstateAI - INFO - logging_utils - log_info - Function 'detect_outliers': Removed 2181 outliers. Rows remaining: 10587
2026-05-03 16:28:18,680 - RealEstateAI - INFO - logging_utils - log_info - Function 'preprocess': Preprocessing complete. Rows: 13320 -> 10587
2026-05-03 16:28:18,681 - RealEstateAI - INFO - logging_utils - log_info - Function 'create_all_features': Starting complete feature engineering
2026-05-03 16:28:18,681 - RealEstateAI - INFO - logging_utils - log_info - Function 'create_price_per_sqft_feature': Creating price per sqft feature
2026-05-03 16:28:18,682 - RealEstateAI - INFO - logging_utils - log_info - Function 'create_bhk_category': Creating BHK category feature
2026-05-03 16:28:18,685 - RealEstateAI - INFO - logging_utils - log_info - Function 'create_total_rooms': Creating total rooms feature
2026-05-03 16:28:18,689 - RealEstateAI - INFO - logging_utils - log_info - Function 'create_luxury_indicators': Creating luxury indicators
2026-05-03 16:28:18,692 - RealEstateAI - INFO - logging_utils - log_info - Function 'create_area_density_features': Creating area density features
2026-05-03 16:28:18,707 - RealEstateAI - INFO - logging_utils - log_info - Function 'create_locality_frequency_encoding': Creating frequency encoding
2026-05-03 16:28:18,714 - RealEstateAI - INFO - logging_utils - log_info - Function 'create_locality_popularity': Creating popularity score
2026-05-03 16:28:18,725 - RealEstateAI - INFO - logging_utils - log_info - Function 'create_property_segmentation': Creating property segmentation
2026-05-03 16:28:18,732 - RealEstateAI - INFO - logging_utils - log_info - Function 'create_premium_area_classification': Creating premium area classification
2026-05-03 16:28:18,740 - RealEstateAI - INFO - logging_utils - log_info - Function 'create_affordability_metrics': Creating affordability metrics
2026-05-03 16:28:18,746 - RealEstateAI - INFO - logging_utils - log_info - Function 'create_investment_score': Creating investment score
2026-05-03 16:28:18,768 - RealEstateAI - INFO - logging_utils - log_info - Function 'create_time_features': Creating time features
2026-05-03 16:28:18,793 - RealEstateAI - INFO - logging_utils - log_info - Function 'create_interaction_features': Creating interaction features
2026-05-03 16:28:18,797 - RealEstateAI - INFO - logging_utils - log_info - Function 'detect_all_anomalies': Starting complete anomaly detection
2026-05-03 16:28:18,798 - RealEstateAI - INFO - logging_utils - log_info - Function 'detect_anomalies_isolation_forest': Starting Isolation Forest anomaly detection
2026-05-03 16:28:19,149 - RealEstateAI - INFO - logging_utils - log_info - Function 'detect_anomalies_isolation_forest': Found 530 anomalies (5.01%)
2026-05-03 16:28:19,150 - RealEstateAI - INFO - logging_utils - log_info - Function 'detect_anomalies_lof': Starting LOF anomaly detection
2026-05-03 16:28:19,352 - RealEstateAI - INFO - logging_utils - log_info - Function 'detect_anomalies_lof': Found 530 anomalies (5.01%)
2026-05-03 16:28:19,352 - RealEstateAI - INFO - logging_utils - log_info - Function 'detect_overpriced_properties': Detecting overpriced properties
2026-05-03 16:28:22,489 - RealEstateAI - INFO - logging_utils - log_info - Function 'detect_overpriced_properties': Found 259 overpriced properties
2026-05-03 16:28:22,489 - RealEstateAI - INFO - logging_utils - log_info - Function 'detect_underpriced_properties': Detecting underpriced properties
2026-05-03 16:28:24,821 - RealEstateAI - INFO - logging_utils - log_info - Function 'detect_underpriced_properties': Found 58 underpriced properties
2026-05-03 16:28:24,822 - RealEstateAI - INFO - logging_utils - log_info - Function 'detect_suspicious_listings': Detecting suspicious listings
2026-05-03 16:28:24,862 - RealEstateAI - INFO - logging_utils - log_info - Function 'detect_suspicious_listings': Found 268 suspicious listings
2026-05-03 16:28:24,863 - RealEstateAI - INFO - logging_utils - log_info - Function 'detect_anomalies_statistical': Starting statistical anomaly detection
2026-05-03 16:28:24,883 - RealEstateAI - INFO - logging_utils - log_info - Function 'detect_all_anomalies': Combined: 1466 anomalies (13.85%)
2026-05-03 16:28:24,890 - RealEstateAI - INFO - logging_utils - log_info - Function 'calculate_investment_score': Starting investment score calculation
2026-05-03 16:28:25,051 - RealEstateAI - INFO - logging_utils - log_info - Function 'calculate_investment_score': Investment scores calculated. Range: 0.289 - 0.874
2026-05-03 16:28:25,058 - RealEstateAI - INFO - logging_utils - log_info - Function 'create_composite_score': Creating composite score
2026-05-03 16:28:25,059 - RealEstateAI - WARNING - logging_utils - log_warning - Function 'create_composite_score': Missing column: investment_score
2026-05-03 16:28:25,062 - RealEstateAI - WARNING - logging_utils - log_warning - Function 'create_composite_score': Missing column: popularity_score
2026-05-03 16:28:25,066 - RealEstateAI - WARNING - logging_utils - log_warning - Function 'create_composite_score': Missing column: appreciation_score
2026-05-03 16:28:25,068 - RealEstateAI - WARNING - logging_utils - log_warning - Function 'create_composite_score': Missing column: affordability_index
2026-05-03 16:28:25,069 - RealEstateAI - WARNING - logging_utils - log_warning - Function 'create_composite_score': Missing column: risk_score
2026-05-03 16:28:25,102 - RealEstateAI - INFO - logging_utils - log_info - Function 'create_composite_score': Composite scores calculated. Range: 0.500 - 0.500
2026-05-03 16:28:25,105 - RealEstateAI - INFO - logging_utils - log_info - Function 'load_preprocessor': Preprocessor loaded from E:\Jupyter Notebook\IIT Delhi AI Projects\Machine Learning\House Price Prediction\models\preprocessor.pkl
2026-05-03 16:28:25,133 - RealEstateAI - INFO - logging_utils - log_info - Function 'load_model': Anomaly detection model loaded from E:\Jupyter Notebook\IIT Delhi AI Projects\Machine Learning\House Price Prediction\models\anomaly_detector.pkl
2026-05-03 16:28:25,160 - RealEstateAI - INFO - logging_utils - log_info - Function 'load_model': Investment scorer loaded from E:\Jupyter Notebook\IIT Delhi AI Projects\Machine Learning\House Price Prediction\models\investment_scorer.pkl
2026-05-03 16:28:25,202 - RealEstateAI - INFO - logging_utils - log_info - Function 'load_model': Model loaded from E:\Jupyter Notebook\IIT Delhi AI Projects\Machine Learning\House Price Prediction\models\best_model.pkl
2026-05-03 16:28:25,205 - RealEstateAI - INFO - logging_utils - log_info - Function 'get_investment_summary': Generating investment summary
2026-05-03 16:28:25,334 - RealEstateAI - INFO - logging_utils - log_info - Function 'create_investment_heatmap': Creating investment heatmap
2026-05-03 16:28:33,462 - RealEstateAI - INFO - logging_utils - log_info - Function 'load_data': Loading data from E:\Jupyter Notebook\IIT Delhi AI Projects\Machine Learning\House Price Prediction\Bengaluru_House_Data.csv
2026-05-03 16:28:33,511 - RealEstateAI - INFO - logging_utils - log_info - Function 'load_data': Data loaded successfully. Shape: (13320, 9)
2026-05-03 16:28:33,513 - RealEstateAI - INFO - logging_utils - log_info - Function 'preprocess': Starting complete preprocessing pipeline
2026-05-03 16:28:33,513 - RealEstateAI - INFO - logging_utils - log_info - Function 'clean_column_names': Cleaning column names
2026-05-03 16:28:33,514 - RealEstateAI - INFO - logging_utils - log_info - Function 'clean_column_names': Column names cleaned
2026-05-03 16:28:33,514 - RealEstateAI - INFO - logging_utils - log_info - Function 'handle_missing_values': Starting missing value handling
2026-05-03 16:28:33,520 - RealEstateAI - INFO - logging_utils - log_info - Function 'handle_missing_values': Missing values reduced from 6201 to 16
2026-05-03 16:28:33,520 - RealEstateAI - INFO - logging_utils - log_info - Function 'handle_duplicates': Checking for duplicates
2026-05-03 16:28:33,538 - RealEstateAI - INFO - logging_utils - log_info - Function 'handle_duplicates': Removed 530 duplicate rows
2026-05-03 16:28:33,540 - RealEstateAI - INFO - logging_utils - log_info - Function 'clean_square_footage': Starting square footage cleaning
2026-05-03 16:28:33,553 - RealEstateAI - INFO - logging_utils - log_info - Function 'clean_square_footage': Square footage cleaned. Rows remaining: 12784
2026-05-03 16:28:33,553 - RealEstateAI - INFO - logging_utils - log_info - Function 'extract_bhk': Extracting BHK values
2026-05-03 16:28:33,584 - RealEstateAI - INFO - logging_utils - log_info - Function 'extract_bhk': BHK extracted. BHK distribution: {2.0: 5244, 3.0: 4655, 4.0: 1398, 1.0: 636, 5.0: 349, 6.0: 220, 7.0: 99, 8.0: 88, 9.0: 53, 10.0: 14, 11.0: 4, 27.0: 1, 19.0: 1, 16.0: 1, 43.0: 1, 14.0: 1, 12.0: 1, 13.0: 1, 18.0: 1}
2026-05-03 16:28:33,584 - RealEstateAI - INFO - logging_utils - log_info - Function 'calculate_price_per_sqft': Calculating price per sqft
2026-05-03 16:28:33,585 - RealEstateAI - INFO - logging_utils - log_info - Function 'calculate_price_per_sqft': Price per sqft calculated. Range: 2.26 - 12000000.00
2026-05-03 16:28:33,586 - RealEstateAI - INFO - logging_utils - log_info - Function 'calculate_total_rooms': Calculating total rooms
2026-05-03 16:28:33,587 - RealEstateAI - INFO - logging_utils - log_info - Function 'calculate_total_rooms': Total rooms calculated. Range: 2 - 83
2026-05-03 16:28:33,588 - RealEstateAI - INFO - logging_utils - log_info - Function 'detect_outliers': Detecting outliers using iqr method
2026-05-03 16:28:33,636 - RealEstateAI - INFO - logging_utils - log_info - Function 'detect_outliers': Removed 2181 outliers. Rows remaining: 10587
2026-05-03 16:28:33,636 - RealEstateAI - INFO - logging_utils - log_info - Function 'preprocess': Preprocessing complete. Rows: 13320 -> 10587
2026-05-03 16:28:33,636 - RealEstateAI - INFO - logging_utils - log_info - Function 'create_all_features': Starting complete feature engineering
2026-05-03 16:28:33,636 - RealEstateAI - INFO - logging_utils - log_info - Function 'create_price_per_sqft_feature': Creating price per sqft feature
2026-05-03 16:28:33,638 - RealEstateAI - INFO - logging_utils - log_info - Function 'create_bhk_category': Creating BHK category feature
2026-05-03 16:28:33,643 - RealEstateAI - INFO - logging_utils - log_info - Function 'create_total_rooms': Creating total rooms feature
2026-05-03 16:28:33,647 - RealEstateAI - INFO - logging_utils - log_info - Function 'create_luxury_indicators': Creating luxury indicators
2026-05-03 16:28:33,649 - RealEstateAI - INFO - logging_utils - log_info - Function 'create_area_density_features': Creating area density features
2026-05-03 16:28:33,666 - RealEstateAI - INFO - logging_utils - log_info - Function 'create_locality_frequency_encoding': Creating frequency encoding
2026-05-03 16:28:33,673 - RealEstateAI - INFO - logging_utils - log_info - Function 'create_locality_popularity': Creating popularity score
2026-05-03 16:28:33,687 - RealEstateAI - INFO - logging_utils - log_info - Function 'create_property_segmentation': Creating property segmentation
2026-05-03 16:28:33,692 - RealEstateAI - INFO - logging_utils - log_info - Function 'create_premium_area_classification': Creating premium area classification
2026-05-03 16:28:33,702 - RealEstateAI - INFO - logging_utils - log_info - Function 'create_affordability_metrics': Creating affordability metrics
2026-05-03 16:28:33,706 - RealEstateAI - INFO - logging_utils - log_info - Function 'create_investment_score': Creating investment score
2026-05-03 16:28:33,726 - RealEstateAI - INFO - logging_utils - log_info - Function 'create_time_features': Creating time features
2026-05-03 16:28:33,748 - RealEstateAI - INFO - logging_utils - log_info - Function 'create_interaction_features': Creating interaction features
2026-05-03 16:28:33,753 - RealEstateAI - INFO - logging_utils - log_info - Function 'detect_all_anomalies': Starting complete anomaly detection
2026-05-03 16:28:33,754 - RealEstateAI - INFO - logging_utils - log_info - Function 'detect_anomalies_isolation_forest': Starting Isolation Forest anomaly detection
2026-05-03 16:28:34,149 - RealEstateAI - INFO - logging_utils - log_info - Function 'detect_anomalies_isolation_forest': Found 530 anomalies (5.01%)
2026-05-03 16:28:34,150 - RealEstateAI - INFO - logging_utils - log_info - Function 'detect_anomalies_lof': Starting LOF anomaly detection
2026-05-03 16:28:34,347 - RealEstateAI - INFO - logging_utils - log_info - Function 'detect_anomalies_lof': Found 530 anomalies (5.01%)
2026-05-03 16:28:34,348 - RealEstateAI - INFO - logging_utils - log_info - Function 'detect_overpriced_properties': Detecting overpriced properties
2026-05-03 16:28:35,869 - RealEstateAI - INFO - logging_utils - log_info - Function 'detect_overpriced_properties': Found 259 overpriced properties
2026-05-03 16:28:35,870 - RealEstateAI - INFO - logging_utils - log_info - Function 'detect_underpriced_properties': Detecting underpriced properties
2026-05-03 16:28:38,223 - RealEstateAI - INFO - logging_utils - log_info - Function 'detect_underpriced_properties': Found 58 underpriced properties
2026-05-03 16:28:38,223 - RealEstateAI - INFO - logging_utils - log_info - Function 'detect_suspicious_listings': Detecting suspicious listings
2026-05-03 16:28:38,238 - RealEstateAI - INFO - logging_utils - log_info - Function 'detect_suspicious_listings': Found 268 suspicious listings
2026-05-03 16:28:38,238 - RealEstateAI - INFO - logging_utils - log_info - Function 'detect_anomalies_statistical': Starting statistical anomaly detection
2026-05-03 16:28:38,263 - RealEstateAI - INFO - logging_utils - log_info - Function 'detect_all_anomalies': Combined: 1466 anomalies (13.85%)
2026-05-03 16:28:38,266 - RealEstateAI - INFO - logging_utils - log_info - Function 'calculate_investment_score': Starting investment score calculation
2026-05-03 16:28:38,318 - RealEstateAI - INFO - logging_utils - log_info - Function 'calculate_investment_score': Investment scores calculated. Range: 0.289 - 0.874
2026-05-03 16:28:38,321 - RealEstateAI - INFO - logging_utils - log_info - Function 'create_composite_score': Creating composite score
2026-05-03 16:28:38,322 - RealEstateAI - WARNING - logging_utils - log_warning - Function 'create_composite_score': Missing column: investment_score
2026-05-03 16:28:38,323 - RealEstateAI - WARNING - logging_utils - log_warning - Function 'create_composite_score': Missing column: popularity_score
2026-05-03 16:28:38,323 - RealEstateAI - WARNING - logging_utils - log_warning - Function 'create_composite_score': Missing column: appreciation_score
2026-05-03 16:28:38,332 - RealEstateAI - WARNING - logging_utils - log_warning - Function 'create_composite_score': Missing column: affordability_index
2026-05-03 16:28:38,334 - RealEstateAI - WARNING - logging_utils - log_warning - Function 'create_composite_score': Missing column: risk_score
2026-05-03 16:28:38,372 - RealEstateAI - INFO - logging_utils - log_info - Function 'create_composite_score': Composite scores calculated. Range: 0.500 - 0.500
2026-05-03 16:28:38,377 - RealEstateAI - INFO - logging_utils - log_info - Function 'load_preprocessor': Preprocessor loaded from E:\Jupyter Notebook\IIT Delhi AI Projects\Machine Learning\House Price Prediction\models\preprocessor.pkl
2026-05-03 16:28:38,390 - RealEstateAI - INFO - logging_utils - log_info - Function 'load_model': Anomaly detection model loaded from E:\Jupyter Notebook\IIT Delhi AI Projects\Machine Learning\House Price Prediction\models\anomaly_detector.pkl
2026-05-03 16:28:38,398 - RealEstateAI - INFO - logging_utils - log_info - Function 'load_model': Investment scorer loaded from E:\Jupyter Notebook\IIT Delhi AI Projects\Machine Learning\House Price Prediction\models\investment_scorer.pkl
2026-05-03 16:28:38,406 - RealEstateAI - INFO - logging_utils - log_info - Function 'load_model': Model loaded from E:\Jupyter Notebook\IIT Delhi AI Projects\Machine Learning\House Price Prediction\models\best_model.pkl
2026-05-03 16:28:44,505 - RealEstateAI - INFO - logging_utils - log_info - Function 'load_data': Loading data from E:\Jupyter Notebook\IIT Delhi AI Projects\Machine Learning\House Price Prediction\Bengaluru_House_Data.csv
2026-05-03 16:28:44,601 - RealEstateAI - INFO - logging_utils - log_info - Function 'load_data': Data loaded successfully. Shape: (13320, 9)
2026-05-03 16:28:44,601 - RealEstateAI - INFO - logging_utils - log_info - Function 'preprocess': Starting complete preprocessing pipeline
2026-05-03 16:28:44,603 - RealEstateAI - INFO - logging_utils - log_info - Function 'clean_column_names': Cleaning column names
2026-05-03 16:28:44,603 - RealEstateAI - INFO - logging_utils - log_info - Function 'clean_column_names': Column names cleaned
2026-05-03 16:28:44,604 - RealEstateAI - INFO - logging_utils - log_info - Function 'handle_missing_values': Starting missing value handling
2026-05-03 16:28:44,614 - RealEstateAI - INFO - logging_utils - log_info - Function 'handle_missing_values': Missing values reduced from 6201 to 16
2026-05-03 16:28:44,614 - RealEstateAI - INFO - logging_utils - log_info - Function 'handle_duplicates': Checking for duplicates
2026-05-03 16:28:44,645 - RealEstateAI - INFO - logging_utils - log_info - Function 'handle_duplicates': Removed 530 duplicate rows
2026-05-03 16:28:44,645 - RealEstateAI - INFO - logging_utils - log_info - Function 'clean_square_footage': Starting square footage cleaning
2026-05-03 16:28:44,669 - RealEstateAI - INFO - logging_utils - log_info - Function 'clean_square_footage': Square footage cleaned. Rows remaining: 12784
2026-05-03 16:28:44,669 - RealEstateAI - INFO - logging_utils - log_info - Function 'extract_bhk': Extracting BHK values
2026-05-03 16:28:44,707 - RealEstateAI - INFO - logging_utils - log_info - Function 'extract_bhk': BHK extracted. BHK distribution: {2.0: 5244, 3.0: 4655, 4.0: 1398, 1.0: 636, 5.0: 349, 6.0: 220, 7.0: 99, 8.0: 88, 9.0: 53, 10.0: 14, 11.0: 4, 27.0: 1, 19.0: 1, 16.0: 1, 43.0: 1, 14.0: 1, 12.0: 1, 13.0: 1, 18.0: 1}
2026-05-03 16:28:44,708 - RealEstateAI - INFO - logging_utils - log_info - Function 'calculate_price_per_sqft': Calculating price per sqft
2026-05-03 16:28:44,710 - RealEstateAI - INFO - logging_utils - log_info - Function 'calculate_price_per_sqft': Price per sqft calculated. Range: 2.26 - 12000000.00
2026-05-03 16:28:44,710 - RealEstateAI - INFO - logging_utils - log_info - Function 'calculate_total_rooms': Calculating total rooms
2026-05-03 16:28:44,713 - RealEstateAI - INFO - logging_utils - log_info - Function 'calculate_total_rooms': Total rooms calculated. Range: 2 - 83
2026-05-03 16:28:44,713 - RealEstateAI - INFO - logging_utils - log_info - Function 'detect_outliers': Detecting outliers using iqr method
2026-05-03 16:28:44,731 - RealEstateAI - INFO - logging_utils - log_info - Function 'detect_outliers': Removed 2181 outliers. Rows remaining: 10587
2026-05-03 16:28:44,732 - RealEstateAI - INFO - logging_utils - log_info - Function 'preprocess': Preprocessing complete. Rows: 13320 -> 10587
2026-05-03 16:28:44,732 - RealEstateAI - INFO - logging_utils - log_info - Function 'create_all_features': Starting complete feature engineering
2026-05-03 16:28:44,733 - RealEstateAI - INFO - logging_utils - log_info - Function 'create_price_per_sqft_feature': Creating price per sqft feature
2026-05-03 16:28:44,734 - RealEstateAI - INFO - logging_utils - log_info - Function 'create_bhk_category': Creating BHK category feature
2026-05-03 16:28:44,739 - RealEstateAI - INFO - logging_utils - log_info - Function 'create_total_rooms': Creating total rooms feature
2026-05-03 16:28:44,745 - RealEstateAI - INFO - logging_utils - log_info - Function 'create_luxury_indicators': Creating luxury indicators
2026-05-03 16:28:44,749 - RealEstateAI - INFO - logging_utils - log_info - Function 'create_area_density_features': Creating area density features
2026-05-03 16:28:44,774 - RealEstateAI - INFO - logging_utils - log_info - Function 'create_locality_frequency_encoding': Creating frequency encoding
2026-05-03 16:28:44,786 - RealEstateAI - INFO - logging_utils - log_info - Function 'create_locality_popularity': Creating popularity score
2026-05-03 16:28:44,803 - RealEstateAI - INFO - logging_utils - log_info - Function 'create_property_segmentation': Creating property segmentation
2026-05-03 16:28:44,815 - RealEstateAI - INFO - logging_utils - log_info - Function 'create_premium_area_classification': Creating premium area classification
2026-05-03 16:28:44,826 - RealEstateAI - INFO - logging_utils - log_info - Function 'create_affordability_metrics': Creating affordability metrics
2026-05-03 16:28:44,833 - RealEstateAI - INFO - logging_utils - log_info - Function 'create_investment_score': Creating investment score
2026-05-03 16:28:44,861 - RealEstateAI - INFO - logging_utils - log_info - Function 'create_time_features': Creating time features
2026-05-03 16:28:44,900 - RealEstateAI - INFO - logging_utils - log_info - Function 'create_interaction_features': Creating interaction features
2026-05-03 16:28:44,906 - RealEstateAI - INFO - logging_utils - log_info - Function 'detect_all_anomalies': Starting complete anomaly detection
2026-05-03 16:28:44,906 - RealEstateAI - INFO - logging_utils - log_info - Function 'detect_anomalies_isolation_forest': Starting Isolation Forest anomaly detection
2026-05-03 16:28:45,483 - RealEstateAI - INFO - logging_utils - log_info - Function 'detect_anomalies_isolation_forest': Found 530 anomalies (5.01%)
2026-05-03 16:28:45,485 - RealEstateAI - INFO - logging_utils - log_info - Function 'detect_anomalies_lof': Starting LOF anomaly detection
2026-05-03 16:28:45,784 - RealEstateAI - INFO - logging_utils - log_info - Function 'detect_anomalies_lof': Found 530 anomalies (5.01%)
2026-05-03 16:28:45,784 - RealEstateAI - INFO - logging_utils - log_info - Function 'detect_overpriced_properties': Detecting overpriced properties
2026-05-03 16:28:48,932 - RealEstateAI - INFO - logging_utils - log_info - Function 'detect_overpriced_properties': Found 259 overpriced properties
2026-05-03 16:28:48,933 - RealEstateAI - INFO - logging_utils - log_info - Function 'detect_underpriced_properties': Detecting underpriced properties
2026-05-03 16:28:51,582 - RealEstateAI - INFO - logging_utils - log_info - Function 'detect_underpriced_properties': Found 58 underpriced properties
2026-05-03 16:28:51,583 - RealEstateAI - INFO - logging_utils - log_info - Function 'detect_suspicious_listings': Detecting suspicious listings
2026-05-03 16:28:51,597 - RealEstateAI - INFO - logging_utils - log_info - Function 'detect_suspicious_listings': Found 268 suspicious listings
2026-05-03 16:28:51,598 - RealEstateAI - INFO - logging_utils - log_info - Function 'detect_anomalies_statistical': Starting statistical anomaly detection
2026-05-03 16:28:51,618 - RealEstateAI - INFO - logging_utils - log_info - Function 'detect_all_anomalies': Combined: 1466 anomalies (13.85%)
2026-05-03 16:28:51,621 - RealEstateAI - INFO - logging_utils - log_info - Function 'calculate_investment_score': Starting investment score calculation
2026-05-03 16:28:51,665 - RealEstateAI - INFO - logging_utils - log_info - Function 'calculate_investment_score': Investment scores calculated. Range: 0.289 - 0.874
2026-05-03 16:28:51,667 - RealEstateAI - INFO - logging_utils - log_info - Function 'create_composite_score': Creating composite score
2026-05-03 16:28:51,667 - RealEstateAI - WARNING - logging_utils - log_warning - Function 'create_composite_score': Missing column: investment_score
2026-05-03 16:28:51,669 - RealEstateAI - WARNING - logging_utils - log_warning - Function 'create_composite_score': Missing column: popularity_score
2026-05-03 16:28:51,670 - RealEstateAI - WARNING - logging_utils - log_warning - Function 'create_composite_score': Missing column: appreciation_score
2026-05-03 16:28:51,670 - RealEstateAI - WARNING - logging_utils - log_warning - Function 'create_composite_score': Missing column: affordability_index
2026-05-03 16:28:51,671 - RealEstateAI - WARNING - logging_utils - log_warning - Function 'create_composite_score': Missing column: risk_score
2026-05-03 16:28:51,685 - RealEstateAI - INFO - logging_utils - log_info - Function 'create_composite_score': Composite scores calculated. Range: 0.500 - 0.500
2026-05-03 16:28:51,688 - RealEstateAI - INFO - logging_utils - log_info - Function 'load_preprocessor': Preprocessor loaded from E:\Jupyter Notebook\IIT Delhi AI Projects\Machine Learning\House Price Prediction\models\preprocessor.pkl
2026-05-03 16:28:51,699 - RealEstateAI - INFO - logging_utils - log_info - Function 'load_model': Anomaly detection model loaded from E:\Jupyter Notebook\IIT Delhi AI Projects\Machine Learning\House Price Prediction\models\anomaly_detector.pkl
2026-05-03 16:28:51,701 - RealEstateAI - INFO - logging_utils - log_info - Function 'load_model': Investment scorer loaded from E:\Jupyter Notebook\IIT Delhi AI Projects\Machine Learning\House Price Prediction\models\investment_scorer.pkl
2026-05-03 16:28:51,707 - RealEstateAI - INFO - logging_utils - log_info - Function 'load_model': Model loaded from E:\Jupyter Notebook\IIT Delhi AI Projects\Machine Learning\House Price Prediction\models\best_model.pkl
2026-05-03 16:28:57,534 - RealEstateAI - INFO - logging_utils - log_info - Function 'load_data': Loading data from E:\Jupyter Notebook\IIT Delhi AI Projects\Machine Learning\House Price Prediction\Bengaluru_House_Data.csv
2026-05-03 16:28:57,618 - RealEstateAI - INFO - logging_utils - log_info - Function 'load_data': Data loaded successfully. Shape: (13320, 9)
2026-05-03 16:28:57,619 - RealEstateAI - INFO - logging_utils - log_info - Function 'preprocess': Starting complete preprocessing pipeline
2026-05-03 16:28:57,619 - RealEstateAI - INFO - logging_utils - log_info - Function 'clean_column_names': Cleaning column names
2026-05-03 16:28:57,620 - RealEstateAI - INFO - logging_utils - log_info - Function 'clean_column_names': Column names cleaned
2026-05-03 16:28:57,620 - RealEstateAI - INFO - logging_utils - log_info - Function 'handle_missing_values': Starting missing value handling
2026-05-03 16:28:57,627 - RealEstateAI - INFO - logging_utils - log_info - Function 'handle_missing_values': Missing values reduced from 6201 to 16
2026-05-03 16:28:57,627 - RealEstateAI - INFO - logging_utils - log_info - Function 'handle_duplicates': Checking for duplicates
2026-05-03 16:28:57,645 - RealEstateAI - INFO - logging_utils - log_info - Function 'handle_duplicates': Removed 530 duplicate rows
2026-05-03 16:28:57,645 - RealEstateAI - INFO - logging_utils - log_info - Function 'clean_square_footage': Starting square footage cleaning
2026-05-03 16:28:57,661 - RealEstateAI - INFO - logging_utils - log_info - Function 'clean_square_footage': Square footage cleaned. Rows remaining: 12784
2026-05-03 16:28:57,662 - RealEstateAI - INFO - logging_utils - log_info - Function 'extract_bhk': Extracting BHK values
2026-05-03 16:28:57,686 - RealEstateAI - INFO - logging_utils - log_info - Function 'extract_bhk': BHK extracted. BHK distribution: {2.0: 5244, 3.0: 4655, 4.0: 1398, 1.0: 636, 5.0: 349, 6.0: 220, 7.0: 99, 8.0: 88, 9.0: 53, 10.0: 14, 11.0: 4, 27.0: 1, 19.0: 1, 16.0: 1, 43.0: 1, 14.0: 1, 12.0: 1, 13.0: 1, 18.0: 1}
2026-05-03 16:28:57,686 - RealEstateAI - INFO - logging_utils - log_info - Function 'calculate_price_per_sqft': Calculating price per sqft
2026-05-03 16:28:57,688 - RealEstateAI - INFO - logging_utils - log_info - Function 'calculate_price_per_sqft': Price per sqft calculated. Range: 2.26 - 12000000.00
2026-05-03 16:28:57,688 - RealEstateAI - INFO - logging_utils - log_info - Function 'calculate_total_rooms': Calculating total rooms
2026-05-03 16:28:57,689 - RealEstateAI - INFO - logging_utils - log_info - Function 'calculate_total_rooms': Total rooms calculated. Range: 2 - 83
2026-05-03 16:28:57,689 - RealEstateAI - INFO - logging_utils - log_info - Function 'detect_outliers': Detecting outliers using iqr method
2026-05-03 16:28:57,701 - RealEstateAI - INFO - logging_utils - log_info - Function 'detect_outliers': Removed 2181 outliers. Rows remaining: 10587
2026-05-03 16:28:57,702 - RealEstateAI - INFO - logging_utils - log_info - Function 'preprocess': Preprocessing complete. Rows: 13320 -> 10587
2026-05-03 16:28:57,702 - RealEstateAI - INFO - logging_utils - log_info - Function 'create_all_features': Starting complete feature engineering
2026-05-03 16:28:57,702 - RealEstateAI - INFO - logging_utils - log_info - Function 'create_price_per_sqft_feature': Creating price per sqft feature
2026-05-03 16:28:57,703 - RealEstateAI - INFO - logging_utils - log_info - Function 'create_bhk_category': Creating BHK category feature
2026-05-03 16:28:57,707 - RealEstateAI - INFO - logging_utils - log_info - Function 'create_total_rooms': Creating total rooms feature
2026-05-03 16:28:57,713 - RealEstateAI - INFO - logging_utils - log_info - Function 'create_luxury_indicators': Creating luxury indicators
2026-05-03 16:28:57,716 - RealEstateAI - INFO - logging_utils - log_info - Function 'create_area_density_features': Creating area density features
2026-05-03 16:28:57,732 - RealEstateAI - INFO - logging_utils - log_info - Function 'create_locality_frequency_encoding': Creating frequency encoding
2026-05-03 16:28:57,737 - RealEstateAI - INFO - logging_utils - log_info - Function 'create_locality_popularity': Creating popularity score
2026-05-03 16:28:57,750 - RealEstateAI - INFO - logging_utils - log_info - Function 'create_property_segmentation': Creating property segmentation
2026-05-03 16:28:57,756 - RealEstateAI - INFO - logging_utils - log_info - Function 'create_premium_area_classification': Creating premium area classification
2026-05-03 16:28:57,769 - RealEstateAI - INFO - logging_utils - log_info - Function 'create_affordability_metrics': Creating affordability metrics
2026-05-03 16:28:57,774 - RealEstateAI - INFO - logging_utils - log_info - Function 'create_investment_score': Creating investment score
2026-05-03 16:28:57,794 - RealEstateAI - INFO - logging_utils - log_info - Function 'create_time_features': Creating time features
2026-05-03 16:28:57,815 - RealEstateAI - INFO - logging_utils - log_info - Function 'create_interaction_features': Creating interaction features
2026-05-03 16:28:57,819 - RealEstateAI - INFO - logging_utils - log_info - Function 'detect_all_anomalies': Starting complete anomaly detection
2026-05-03 16:28:57,819 - RealEstateAI - INFO - logging_utils - log_info - Function 'detect_anomalies_isolation_forest': Starting Isolation Forest anomaly detection
2026-05-03 16:28:58,173 - RealEstateAI - INFO - logging_utils - log_info - Function 'detect_anomalies_isolation_forest': Found 530 anomalies (5.01%)
2026-05-03 16:28:58,174 - RealEstateAI - INFO - logging_utils - log_info - Function 'detect_anomalies_lof': Starting LOF anomaly detection
2026-05-03 16:28:58,374 - RealEstateAI - INFO - logging_utils - log_info - Function 'detect_anomalies_lof': Found 530 anomalies (5.01%)
2026-05-03 16:28:58,375 - RealEstateAI - INFO - logging_utils - log_info - Function 'detect_overpriced_properties': Detecting overpriced properties
2026-05-03 16:28:59,993 - RealEstateAI - INFO - logging_utils - log_info - Function 'detect_overpriced_properties': Found 259 overpriced properties
2026-05-03 16:28:59,993 - RealEstateAI - INFO - logging_utils - log_info - Function 'detect_underpriced_properties': Detecting underpriced properties
2026-05-03 16:29:02,713 - RealEstateAI - INFO - logging_utils - log_info - Function 'detect_underpriced_properties': Found 58 underpriced properties
2026-05-03 16:29:02,714 - RealEstateAI - INFO - logging_utils - log_info - Function 'detect_suspicious_listings': Detecting suspicious listings
2026-05-03 16:29:02,730 - RealEstateAI - INFO - logging_utils - log_info - Function 'detect_suspicious_listings': Found 268 suspicious listings
2026-05-03 16:29:02,731 - RealEstateAI - INFO - logging_utils - log_info - Function 'detect_anomalies_statistical': Starting statistical anomaly detection
2026-05-03 16:29:02,749 - RealEstateAI - INFO - logging_utils - log_info - Function 'detect_all_anomalies': Combined: 1466 anomalies (13.85%)
2026-05-03 16:29:02,753 - RealEstateAI - INFO - logging_utils - log_info - Function 'calculate_investment_score': Starting investment score calculation
2026-05-03 16:29:02,803 - RealEstateAI - INFO - logging_utils - log_info - Function 'calculate_investment_score': Investment scores calculated. Range: 0.289 - 0.874
2026-05-03 16:29:02,806 - RealEstateAI - INFO - logging_utils - log_info - Function 'create_composite_score': Creating composite score
2026-05-03 16:29:02,807 - RealEstateAI - WARNING - logging_utils - log_warning - Function 'create_composite_score': Missing column: investment_score
2026-05-03 16:29:02,868 - RealEstateAI - WARNING - logging_utils - log_warning - Function 'create_composite_score': Missing column: popularity_score
2026-05-03 16:29:02,870 - RealEstateAI - WARNING - logging_utils - log_warning - Function 'create_composite_score': Missing column: appreciation_score
2026-05-03 16:29:02,870 - RealEstateAI - WARNING - logging_utils - log_warning - Function 'create_composite_score': Missing column: affordability_index
2026-05-03 16:29:02,871 - RealEstateAI - WARNING - logging_utils - log_warning - Function 'create_composite_score': Missing column: risk_score
2026-05-03 16:29:02,909 - RealEstateAI - INFO - logging_utils - log_info - Function 'create_composite_score': Composite scores calculated. Range: 0.500 - 0.500
2026-05-03 16:29:02,914 - RealEstateAI - INFO - logging_utils - log_info - Function 'load_preprocessor': Preprocessor loaded from E:\Jupyter Notebook\IIT Delhi AI Projects\Machine Learning\House Price Prediction\models\preprocessor.pkl
2026-05-03 16:29:02,934 - RealEstateAI - INFO - logging_utils - log_info - Function 'load_model': Anomaly detection model loaded from E:\Jupyter Notebook\IIT Delhi AI Projects\Machine Learning\House Price Prediction\models\anomaly_detector.pkl
2026-05-03 16:29:02,937 - RealEstateAI - INFO - logging_utils - log_info - Function 'load_model': Investment scorer loaded from E:\Jupyter Notebook\IIT Delhi AI Projects\Machine Learning\House Price Prediction\models\investment_scorer.pkl
2026-05-03 16:29:02,952 - RealEstateAI - INFO - logging_utils - log_info - Function 'load_model': Model loaded from E:\Jupyter Notebook\IIT Delhi AI Projects\Machine Learning\House Price Prediction\models\best_model.pkl
2026-05-03 16:29:05,432 - RealEstateAI - INFO - logging_utils - log_info - Function 'load_data': Loading data from E:\Jupyter Notebook\IIT Delhi AI Projects\Machine Learning\House Price Prediction\Bengaluru_House_Data.csv
2026-05-03 16:29:05,474 - RealEstateAI - INFO - logging_utils - log_info - Function 'load_data': Data loaded successfully. Shape: (13320, 9)
2026-05-03 16:29:05,475 - RealEstateAI - INFO - logging_utils - log_info - Function 'preprocess': Starting complete preprocessing pipeline
2026-05-03 16:29:05,475 - RealEstateAI - INFO - logging_utils - log_info - Function 'clean_column_names': Cleaning column names
2026-05-03 16:29:05,476 - RealEstateAI - INFO - logging_utils - log_info - Function 'clean_column_names': Column names cleaned
2026-05-03 16:29:05,476 - RealEstateAI - INFO - logging_utils - log_info - Function 'handle_missing_values': Starting missing value handling
2026-05-03 16:29:05,481 - RealEstateAI - INFO - logging_utils - log_info - Function 'handle_missing_values': Missing values reduced from 6201 to 16
2026-05-03 16:29:05,482 - RealEstateAI - INFO - logging_utils - log_info - Function 'handle_duplicates': Checking for duplicates
2026-05-03 16:29:05,504 - RealEstateAI - INFO - logging_utils - log_info - Function 'handle_duplicates': Removed 530 duplicate rows
2026-05-03 16:29:05,505 - RealEstateAI - INFO - logging_utils - log_info - Function 'clean_square_footage': Starting square footage cleaning
2026-05-03 16:29:05,520 - RealEstateAI - INFO - logging_utils - log_info - Function 'clean_square_footage': Square footage cleaned. Rows remaining: 12784
2026-05-03 16:29:05,520 - RealEstateAI - INFO - logging_utils - log_info - Function 'extract_bhk': Extracting BHK values
2026-05-03 16:29:05,551 - RealEstateAI - INFO - logging_utils - log_info - Function 'extract_bhk': BHK extracted. BHK distribution: {2.0: 5244, 3.0: 4655, 4.0: 1398, 1.0: 636, 5.0: 349, 6.0: 220, 7.0: 99, 8.0: 88, 9.0: 53, 10.0: 14, 11.0: 4, 27.0: 1, 19.0: 1, 16.0: 1, 43.0: 1, 14.0: 1, 12.0: 1, 13.0: 1, 18.0: 1}
2026-05-03 16:29:05,552 - RealEstateAI - INFO - logging_utils - log_info - Function 'calculate_price_per_sqft': Calculating price per sqft
2026-05-03 16:29:05,553 - RealEstateAI - INFO - logging_utils - log_info - Function 'calculate_price_per_sqft': Price per sqft calculated. Range: 2.26 - 12000000.00
2026-05-03 16:29:05,554 - RealEstateAI - INFO - logging_utils - log_info - Function 'calculate_total_rooms': Calculating total rooms
2026-05-03 16:29:05,555 - RealEstateAI - INFO - logging_utils - log_info - Function 'calculate_total_rooms': Total rooms calculated. Range: 2 - 83
2026-05-03 16:29:05,556 - RealEstateAI - INFO - logging_utils - log_info - Function 'detect_outliers': Detecting outliers using iqr method
2026-05-03 16:29:05,569 - RealEstateAI - INFO - logging_utils - log_info - Function 'detect_outliers': Removed 2181 outliers. Rows remaining: 10587
2026-05-03 16:29:05,570 - RealEstateAI - INFO - logging_utils - log_info - Function 'preprocess': Preprocessing complete. Rows: 13320 -> 10587
2026-05-03 16:29:05,570 - RealEstateAI - INFO - logging_utils - log_info - Function 'create_all_features': Starting complete feature engineering
2026-05-03 16:29:05,570 - RealEstateAI - INFO - logging_utils - log_info - Function 'create_price_per_sqft_feature': Creating price per sqft feature
2026-05-03 16:29:05,571 - RealEstateAI - INFO - logging_utils - log_info - Function 'create_bhk_category': Creating BHK category feature
2026-05-03 16:29:05,579 - RealEstateAI - INFO - logging_utils - log_info - Function 'create_total_rooms': Creating total rooms feature
2026-05-03 16:29:05,583 - RealEstateAI - INFO - logging_utils - log_info - Function 'create_luxury_indicators': Creating luxury indicators
2026-05-03 16:29:05,585 - RealEstateAI - INFO - logging_utils - log_info - Function 'create_area_density_features': Creating area density features
2026-05-03 16:29:05,604 - RealEstateAI - INFO - logging_utils - log_info - Function 'create_locality_frequency_encoding': Creating frequency encoding
2026-05-03 16:29:05,614 - RealEstateAI - INFO - logging_utils - log_info - Function 'create_locality_popularity': Creating popularity score
2026-05-03 16:29:05,625 - RealEstateAI - INFO - logging_utils - log_info - Function 'create_property_segmentation': Creating property segmentation
2026-05-03 16:29:05,632 - RealEstateAI - INFO - logging_utils - log_info - Function 'create_premium_area_classification': Creating premium area classification
2026-05-03 16:29:05,642 - RealEstateAI - INFO - logging_utils - log_info - Function 'create_affordability_metrics': Creating affordability metrics
2026-05-03 16:29:05,649 - RealEstateAI - INFO - logging_utils - log_info - Function 'create_investment_score': Creating investment score
2026-05-03 16:29:05,674 - RealEstateAI - INFO - logging_utils - log_info - Function 'create_time_features': Creating time features
2026-05-03 16:29:05,701 - RealEstateAI - INFO - logging_utils - log_info - Function 'create_interaction_features': Creating interaction features
2026-05-03 16:29:05,705 - RealEstateAI - INFO - logging_utils - log_info - Function 'detect_all_anomalies': Starting complete anomaly detection
2026-05-03 16:29:05,705 - RealEstateAI - INFO - logging_utils - log_info - Function 'detect_anomalies_isolation_forest': Starting Isolation Forest anomaly detection
2026-05-03 16:29:06,128 - RealEstateAI - INFO - logging_utils - log_info - Function 'detect_anomalies_isolation_forest': Found 530 anomalies (5.01%)
2026-05-03 16:29:06,129 - RealEstateAI - INFO - logging_utils - log_info - Function 'detect_anomalies_lof': Starting LOF anomaly detection
2026-05-03 16:29:06,366 - RealEstateAI - INFO - logging_utils - log_info - Function 'detect_anomalies_lof': Found 530 anomalies (5.01%)
2026-05-03 16:29:06,367 - RealEstateAI - INFO - logging_utils - log_info - Function 'detect_overpriced_properties': Detecting overpriced properties
2026-05-03 16:29:08,704 - RealEstateAI - INFO - logging_utils - log_info - Function 'detect_overpriced_properties': Found 259 overpriced properties
2026-05-03 16:29:08,705 - RealEstateAI - INFO - logging_utils - log_info - Function 'detect_underpriced_properties': Detecting underpriced properties
2026-05-03 16:29:09,691 - RealEstateAI - INFO - logging_utils - log_info - Function 'load_data': Loading data from E:\Jupyter Notebook\IIT Delhi AI Projects\Machine Learning\House Price Prediction\Bengaluru_House_Data.csv
2026-05-03 16:29:09,748 - RealEstateAI - INFO - logging_utils - log_info - Function 'load_data': Data loaded successfully. Shape: (13320, 9)
2026-05-03 16:29:09,752 - RealEstateAI - INFO - logging_utils - log_info - Function 'preprocess': Starting complete preprocessing pipeline
2026-05-03 16:29:09,752 - RealEstateAI - INFO - logging_utils - log_info - Function 'clean_column_names': Cleaning column names
2026-05-03 16:29:09,754 - RealEstateAI - INFO - logging_utils - log_info - Function 'clean_column_names': Column names cleaned
2026-05-03 16:29:09,755 - RealEstateAI - INFO - logging_utils - log_info - Function 'handle_missing_values': Starting missing value handling
2026-05-03 16:29:09,780 - RealEstateAI - INFO - logging_utils - log_info - Function 'handle_missing_values': Missing values reduced from 6201 to 16
2026-05-03 16:29:09,781 - RealEstateAI - INFO - logging_utils - log_info - Function 'handle_duplicates': Checking for duplicates
2026-05-03 16:29:09,853 - RealEstateAI - INFO - logging_utils - log_info - Function 'handle_duplicates': Removed 530 duplicate rows
2026-05-03 16:29:09,854 - RealEstateAI - INFO - logging_utils - log_info - Function 'clean_square_footage': Starting square footage cleaning
2026-05-03 16:29:09,883 - RealEstateAI - INFO - logging_utils - log_info - Function 'clean_square_footage': Square footage cleaned. Rows remaining: 12784
2026-05-03 16:29:09,883 - RealEstateAI - INFO - logging_utils - log_info - Function 'extract_bhk': Extracting BHK values
2026-05-03 16:29:09,934 - RealEstateAI - INFO - logging_utils - log_info - Function 'extract_bhk': BHK extracted. BHK distribution: {2.0: 5244, 3.0: 4655, 4.0: 1398, 1.0: 636, 5.0: 349, 6.0: 220, 7.0: 99, 8.0: 88, 9.0: 53, 10.0: 14, 11.0: 4, 27.0: 1, 19.0: 1, 16.0: 1, 43.0: 1, 14.0: 1, 12.0: 1, 13.0: 1, 18.0: 1}
2026-05-03 16:29:09,935 - RealEstateAI - INFO - logging_utils - log_info - Function 'calculate_price_per_sqft': Calculating price per sqft
2026-05-03 16:29:09,941 - RealEstateAI - INFO - logging_utils - log_info - Function 'calculate_price_per_sqft': Price per sqft calculated. Range: 2.26 - 12000000.00
2026-05-03 16:29:09,942 - RealEstateAI - INFO - logging_utils - log_info - Function 'calculate_total_rooms': Calculating total rooms
2026-05-03 16:29:09,945 - RealEstateAI - INFO - logging_utils - log_info - Function 'calculate_total_rooms': Total rooms calculated. Range: 2 - 83
2026-05-03 16:29:09,947 - RealEstateAI - INFO - logging_utils - log_info - Function 'detect_outliers': Detecting outliers using iqr method
2026-05-03 16:29:09,985 - RealEstateAI - INFO - logging_utils - log_info - Function 'detect_outliers': Removed 2181 outliers. Rows remaining: 10587
2026-05-03 16:29:09,985 - RealEstateAI - INFO - logging_utils - log_info - Function 'preprocess': Preprocessing complete. Rows: 13320 -> 10587
2026-05-03 16:29:09,987 - RealEstateAI - INFO - logging_utils - log_info - Function 'create_all_features': Starting complete feature engineering
2026-05-03 16:29:09,988 - RealEstateAI - INFO - logging_utils - log_info - Function 'create_price_per_sqft_feature': Creating price per sqft feature
2026-05-03 16:29:09,990 - RealEstateAI - INFO - logging_utils - log_info - Function 'create_bhk_category': Creating BHK category feature
2026-05-03 16:29:09,999 - RealEstateAI - INFO - logging_utils - log_info - Function 'create_total_rooms': Creating total rooms feature
2026-05-03 16:29:10,007 - RealEstateAI - INFO - logging_utils - log_info - Function 'create_luxury_indicators': Creating luxury indicators
2026-05-03 16:29:10,017 - RealEstateAI - INFO - logging_utils - log_info - Function 'create_area_density_features': Creating area density features
2026-05-03 16:29:10,066 - RealEstateAI - INFO - logging_utils - log_info - Function 'create_locality_frequency_encoding': Creating frequency encoding
2026-05-03 16:29:10,080 - RealEstateAI - INFO - logging_utils - log_info - Function 'create_locality_popularity': Creating popularity score
2026-05-03 16:29:10,113 - RealEstateAI - INFO - logging_utils - log_info - Function 'create_property_segmentation': Creating property segmentation
2026-05-03 16:29:10,126 - RealEstateAI - INFO - logging_utils - log_info - Function 'create_premium_area_classification': Creating premium area classification
2026-05-03 16:29:10,152 - RealEstateAI - INFO - logging_utils - log_info - Function 'create_affordability_metrics': Creating affordability metrics
2026-05-03 16:29:10,168 - RealEstateAI - INFO - logging_utils - log_info - Function 'create_investment_score': Creating investment score
2026-05-03 16:29:10,220 - RealEstateAI - INFO - logging_utils - log_info - Function 'create_time_features': Creating time features
2026-05-03 16:29:10,253 - RealEstateAI - INFO - logging_utils - log_info - Function 'create_interaction_features': Creating interaction features
2026-05-03 16:29:10,263 - RealEstateAI - INFO - logging_utils - log_info - Function 'detect_all_anomalies': Starting complete anomaly detection
2026-05-03 16:29:10,264 - RealEstateAI - INFO - logging_utils - log_info - Function 'detect_anomalies_isolation_forest': Starting Isolation Forest anomaly detection
2026-05-03 16:29:11,145 - RealEstateAI - INFO - logging_utils - log_info - Function 'detect_anomalies_isolation_forest': Found 530 anomalies (5.01%)
2026-05-03 16:29:11,147 - RealEstateAI - INFO - logging_utils - log_info - Function 'detect_anomalies_lof': Starting LOF anomaly detection
2026-05-03 16:29:11,464 - RealEstateAI - INFO - logging_utils - log_info - Function 'detect_anomalies_lof': Found 530 anomalies (5.01%)
2026-05-03 16:29:11,468 - RealEstateAI - INFO - logging_utils - log_info - Function 'detect_overpriced_properties': Detecting overpriced properties
2026-05-03 16:29:12,678 - RealEstateAI - INFO - logging_utils - log_info - Function 'detect_underpriced_properties': Found 58 underpriced properties
2026-05-03 16:29:12,680 - RealEstateAI - INFO - logging_utils - log_info - Function 'detect_suspicious_listings': Detecting suspicious listings
2026-05-03 16:29:12,715 - RealEstateAI - INFO - logging_utils - log_info - Function 'detect_suspicious_listings': Found 268 suspicious listings
2026-05-03 16:29:12,716 - RealEstateAI - INFO - logging_utils - log_info - Function 'detect_anomalies_statistical': Starting statistical anomaly detection
2026-05-03 16:29:12,760 - RealEstateAI - INFO - logging_utils - log_info - Function 'detect_all_anomalies': Combined: 1466 anomalies (13.85%)
2026-05-03 16:29:12,767 - RealEstateAI - INFO - logging_utils - log_info - Function 'calculate_investment_score': Starting investment score calculation
2026-05-03 16:29:12,859 - RealEstateAI - INFO - logging_utils - log_info - Function 'calculate_investment_score': Investment scores calculated. Range: 0.289 - 0.874
2026-05-03 16:29:12,864 - RealEstateAI - INFO - logging_utils - log_info - Function 'create_composite_score': Creating composite score
2026-05-03 16:29:12,864 - RealEstateAI - WARNING - logging_utils - log_warning - Function 'create_composite_score': Missing column: investment_score
2026-05-03 16:29:12,866 - RealEstateAI - WARNING - logging_utils - log_warning - Function 'create_composite_score': Missing column: popularity_score
2026-05-03 16:29:12,868 - RealEstateAI - WARNING - logging_utils - log_warning - Function 'create_composite_score': Missing column: appreciation_score
2026-05-03 16:29:12,872 - RealEstateAI - WARNING - logging_utils - log_warning - Function 'create_composite_score': Missing column: affordability_index
2026-05-03 16:29:12,873 - RealEstateAI - WARNING - logging_utils - log_warning - Function 'create_composite_score': Missing column: risk_score
2026-05-03 16:29:12,902 - RealEstateAI - INFO - logging_utils - log_info - Function 'create_composite_score': Composite scores calculated. Range: 0.500 - 0.500
2026-05-03 16:29:14,580 - RealEstateAI - INFO - logging_utils - log_info - Function 'detect_overpriced_properties': Found 259 overpriced properties
2026-05-03 16:29:14,580 - RealEstateAI - INFO - logging_utils - log_info - Function 'detect_underpriced_properties': Detecting underpriced properties
2026-05-03 16:29:16,704 - RealEstateAI - INFO - logging_utils - log_info - Function 'detect_underpriced_properties': Found 58 underpriced properties
2026-05-03 16:29:16,704 - RealEstateAI - INFO - logging_utils - log_info - Function 'detect_suspicious_listings': Detecting suspicious listings
2026-05-03 16:29:16,715 - RealEstateAI - INFO - logging_utils - log_info - Function 'detect_suspicious_listings': Found 268 suspicious listings
2026-05-03 16:29:16,715 - RealEstateAI - INFO - logging_utils - log_info - Function 'detect_anomalies_statistical': Starting statistical anomaly detection
2026-05-03 16:29:16,734 - RealEstateAI - INFO - logging_utils - log_info - Function 'detect_all_anomalies': Combined: 1466 anomalies (13.85%)
2026-05-03 16:29:16,738 - RealEstateAI - INFO - logging_utils - log_info - Function 'calculate_investment_score': Starting investment score calculation
2026-05-03 16:29:16,787 - RealEstateAI - INFO - logging_utils - log_info - Function 'calculate_investment_score': Investment scores calculated. Range: 0.289 - 0.874
2026-05-03 16:29:16,790 - RealEstateAI - INFO - logging_utils - log_info - Function 'create_composite_score': Creating composite score
2026-05-03 16:29:16,790 - RealEstateAI - WARNING - logging_utils - log_warning - Function 'create_composite_score': Missing column: investment_score
2026-05-03 16:29:16,791 - RealEstateAI - WARNING - logging_utils - log_warning - Function 'create_composite_score': Missing column: popularity_score
2026-05-03 16:29:16,793 - RealEstateAI - WARNING - logging_utils - log_warning - Function 'create_composite_score': Missing column: appreciation_score
2026-05-03 16:29:16,795 - RealEstateAI - WARNING - logging_utils - log_warning - Function 'create_composite_score': Missing column: affordability_index
2026-05-03 16:29:16,796 - RealEstateAI - WARNING - logging_utils - log_warning - Function 'create_composite_score': Missing column: risk_score
2026-05-03 16:29:16,810 - RealEstateAI - INFO - logging_utils - log_info - Function 'create_composite_score': Composite scores calculated. Range: 0.500 - 0.500
2026-05-03 16:29:16,814 - RealEstateAI - INFO - logging_utils - log_info - Function 'load_preprocessor': Preprocessor loaded from E:\Jupyter Notebook\IIT Delhi AI Projects\Machine Learning\House Price Prediction\models\preprocessor.pkl
2026-05-03 16:29:16,824 - RealEstateAI - INFO - logging_utils - log_info - Function 'load_model': Anomaly detection model loaded from E:\Jupyter Notebook\IIT Delhi AI Projects\Machine Learning\House Price Prediction\models\anomaly_detector.pkl
2026-05-03 16:29:16,828 - RealEstateAI - INFO - logging_utils - log_info - Function 'load_model': Investment scorer loaded from E:\Jupyter Notebook\IIT Delhi AI Projects\Machine Learning\House Price Prediction\models\investment_scorer.pkl
2026-05-03 16:29:16,835 - RealEstateAI - INFO - logging_utils - log_info - Function 'load_model': Model loaded from E:\Jupyter Notebook\IIT Delhi AI Projects\Machine Learning\House Price Prediction\models\best_model.pkl
2026-05-03 16:29:16,856 - RealEstateAI - INFO - logging_utils - log_info - Function 'preprocess': Starting complete preprocessing pipeline
2026-05-03 16:29:16,859 - RealEstateAI - INFO - logging_utils - log_info - Function 'clean_column_names': Cleaning column names
2026-05-03 16:29:16,861 - RealEstateAI - INFO - logging_utils - log_info - Function 'clean_column_names': Column names cleaned
2026-05-03 16:29:16,862 - RealEstateAI - INFO - logging_utils - log_info - Function 'handle_missing_values': Starting missing value handling
2026-05-03 16:29:16,873 - RealEstateAI - INFO - logging_utils - log_info - Function 'handle_missing_values': Missing values reduced from 0 to 0
2026-05-03 16:29:16,873 - RealEstateAI - INFO - logging_utils - log_info - Function 'handle_duplicates': Checking for duplicates
2026-05-03 16:29:16,884 - RealEstateAI - INFO - logging_utils - log_info - Function 'handle_duplicates': Removed 0 duplicate rows
2026-05-03 16:29:16,884 - RealEstateAI - INFO - logging_utils - log_info - Function 'clean_square_footage': Starting square footage cleaning
2026-05-03 16:29:16,886 - RealEstateAI - INFO - logging_utils - log_info - Function 'clean_square_footage': Square footage cleaned. Rows remaining: 1
2026-05-03 16:29:16,886 - RealEstateAI - INFO - logging_utils - log_info - Function 'extract_bhk': Extracting BHK values
2026-05-03 16:29:16,887 - RealEstateAI - WARNING - logging_utils - log_warning - Function 'extract_bhk': size column not found
2026-05-03 16:29:16,887 - RealEstateAI - INFO - logging_utils - log_info - Function 'calculate_price_per_sqft': Calculating price per sqft
2026-05-03 16:29:16,887 - RealEstateAI - INFO - logging_utils - log_info - Function 'calculate_total_rooms': Calculating total rooms
2026-05-03 16:29:16,889 - RealEstateAI - INFO - logging_utils - log_info - Function 'calculate_total_rooms': Total rooms calculated. Range: 3 - 3
2026-05-03 16:29:16,890 - RealEstateAI - INFO - logging_utils - log_info - Function 'preprocess': Preprocessing complete. Rows: 1 -> 1
2026-05-03 16:29:16,892 - RealEstateAI - INFO - logging_utils - log_info - Function 'create_all_features': Starting complete feature engineering
2026-05-03 16:29:16,892 - RealEstateAI - INFO - logging_utils - log_info - Function 'create_price_per_sqft_feature': Creating price per sqft feature
2026-05-03 16:29:16,930 - RealEstateAI - INFO - logging_utils - log_info - Function 'create_bhk_category': Creating BHK category feature
2026-05-03 16:29:16,944 - RealEstateAI - INFO - logging_utils - log_info - Function 'create_total_rooms': Creating total rooms feature
2026-05-03 16:29:16,947 - RealEstateAI - INFO - logging_utils - log_info - Function 'create_luxury_indicators': Creating luxury indicators
2026-05-03 16:29:16,948 - RealEstateAI - INFO - logging_utils - log_info - Function 'create_area_density_features': Creating area density features
2026-05-03 16:29:16,948 - RealEstateAI - INFO - logging_utils - log_info - Function 'create_locality_frequency_encoding': Creating frequency encoding
2026-05-03 16:29:16,954 - RealEstateAI - INFO - logging_utils - log_info - Function 'create_locality_popularity': Creating popularity score
2026-05-03 16:29:16,954 - RealEstateAI - INFO - logging_utils - log_info - Function 'create_property_segmentation': Creating property segmentation
2026-05-03 16:29:16,954 - RealEstateAI - INFO - logging_utils - log_info - Function 'create_premium_area_classification': Creating premium area classification
2026-05-03 16:29:16,954 - RealEstateAI - INFO - logging_utils - log_info - Function 'create_affordability_metrics': Creating affordability metrics
2026-05-03 16:29:16,954 - RealEstateAI - INFO - logging_utils - log_info - Function 'create_investment_score': Creating investment score
2026-05-03 16:29:16,955 - RealEstateAI - INFO - logging_utils - log_info - Function 'create_time_features': Creating time features
2026-05-03 16:29:16,955 - RealEstateAI - INFO - logging_utils - log_info - Function 'create_interaction_features': Creating interaction features
2026-05-03 16:29:32,849 - RealEstateAI - INFO - logging_utils - log_info - Function 'load_data': Loading data from E:\Jupyter Notebook\IIT Delhi AI Projects\Machine Learning\House Price Prediction\Bengaluru_House_Data.csv
2026-05-03 16:29:32,902 - RealEstateAI - INFO - logging_utils - log_info - Function 'load_data': Data loaded successfully. Shape: (13320, 9)
2026-05-03 16:29:32,904 - RealEstateAI - INFO - logging_utils - log_info - Function 'preprocess': Starting complete preprocessing pipeline
2026-05-03 16:29:32,904 - RealEstateAI - INFO - logging_utils - log_info - Function 'clean_column_names': Cleaning column names
2026-05-03 16:29:32,904 - RealEstateAI - INFO - logging_utils - log_info - Function 'clean_column_names': Column names cleaned
2026-05-03 16:29:32,904 - RealEstateAI - INFO - logging_utils - log_info - Function 'handle_missing_values': Starting missing value handling
2026-05-03 16:29:32,913 - RealEstateAI - INFO - logging_utils - log_info - Function 'handle_missing_values': Missing values reduced from 6201 to 16
2026-05-03 16:29:32,913 - RealEstateAI - INFO - logging_utils - log_info - Function 'handle_duplicates': Checking for duplicates
2026-05-03 16:29:32,932 - RealEstateAI - INFO - logging_utils - log_info - Function 'handle_duplicates': Removed 530 duplicate rows
2026-05-03 16:29:32,933 - RealEstateAI - INFO - logging_utils - log_info - Function 'clean_square_footage': Starting square footage cleaning
2026-05-03 16:29:32,948 - RealEstateAI - INFO - logging_utils - log_info - Function 'clean_square_footage': Square footage cleaned. Rows remaining: 12784
2026-05-03 16:29:32,948 - RealEstateAI - INFO - logging_utils - log_info - Function 'extract_bhk': Extracting BHK values
2026-05-03 16:29:32,980 - RealEstateAI - INFO - logging_utils - log_info - Function 'extract_bhk': BHK extracted. BHK distribution: {2.0: 5244, 3.0: 4655, 4.0: 1398, 1.0: 636, 5.0: 349, 6.0: 220, 7.0: 99, 8.0: 88, 9.0: 53, 10.0: 14, 11.0: 4, 27.0: 1, 19.0: 1, 16.0: 1, 43.0: 1, 14.0: 1, 12.0: 1, 13.0: 1, 18.0: 1}
2026-05-03 16:29:32,980 - RealEstateAI - INFO - logging_utils - log_info - Function 'calculate_price_per_sqft': Calculating price per sqft
2026-05-03 16:29:32,982 - RealEstateAI - INFO - logging_utils - log_info - Function 'calculate_price_per_sqft': Price per sqft calculated. Range: 2.26 - 12000000.00
2026-05-03 16:29:32,982 - RealEstateAI - INFO - logging_utils - log_info - Function 'calculate_total_rooms': Calculating total rooms
2026-05-03 16:29:32,982 - RealEstateAI - INFO - logging_utils - log_info - Function 'calculate_total_rooms': Total rooms calculated. Range: 2 - 83
2026-05-03 16:29:32,983 - RealEstateAI - INFO - logging_utils - log_info - Function 'detect_outliers': Detecting outliers using iqr method
2026-05-03 16:29:32,992 - RealEstateAI - INFO - logging_utils - log_info - Function 'detect_outliers': Removed 2181 outliers. Rows remaining: 10587
2026-05-03 16:29:32,992 - RealEstateAI - INFO - logging_utils - log_info - Function 'preprocess': Preprocessing complete. Rows: 13320 -> 10587
2026-05-03 16:29:32,994 - RealEstateAI - INFO - logging_utils - log_info - Function 'create_all_features': Starting complete feature engineering
2026-05-03 16:29:32,994 - RealEstateAI - INFO - logging_utils - log_info - Function 'create_price_per_sqft_feature': Creating price per sqft feature
2026-05-03 16:29:32,995 - RealEstateAI - INFO - logging_utils - log_info - Function 'create_bhk_category': Creating BHK category feature
2026-05-03 16:29:32,999 - RealEstateAI - INFO - logging_utils - log_info - Function 'create_total_rooms': Creating total rooms feature
2026-05-03 16:29:33,002 - RealEstateAI - INFO - logging_utils - log_info - Function 'create_luxury_indicators': Creating luxury indicators
2026-05-03 16:29:33,004 - RealEstateAI - INFO - logging_utils - log_info - Function 'create_area_density_features': Creating area density features
2026-05-03 16:29:33,018 - RealEstateAI - INFO - logging_utils - log_info - Function 'create_locality_frequency_encoding': Creating frequency encoding
2026-05-03 16:29:33,028 - RealEstateAI - INFO - logging_utils - log_info - Function 'create_locality_popularity': Creating popularity score
2026-05-03 16:29:33,038 - RealEstateAI - INFO - logging_utils - log_info - Function 'create_property_segmentation': Creating property segmentation
2026-05-03 16:29:33,044 - RealEstateAI - INFO - logging_utils - log_info - Function 'create_premium_area_classification': Creating premium area classification
2026-05-03 16:29:33,052 - RealEstateAI - INFO - logging_utils - log_info - Function 'create_affordability_metrics': Creating affordability metrics
2026-05-03 16:29:33,056 - RealEstateAI - INFO - logging_utils - log_info - Function 'create_investment_score': Creating investment score
2026-05-03 16:29:33,074 - RealEstateAI - INFO - logging_utils - log_info - Function 'create_time_features': Creating time features
2026-05-03 16:29:33,114 - RealEstateAI - INFO - logging_utils - log_info - Function 'create_interaction_features': Creating interaction features
2026-05-03 16:29:33,117 - RealEstateAI - INFO - logging_utils - log_info - Function 'detect_all_anomalies': Starting complete anomaly detection
2026-05-03 16:29:33,118 - RealEstateAI - INFO - logging_utils - log_info - Function 'detect_anomalies_isolation_forest': Starting Isolation Forest anomaly detection
2026-05-03 16:29:33,448 - RealEstateAI - INFO - logging_utils - log_info - Function 'detect_anomalies_isolation_forest': Found 530 anomalies (5.01%)
2026-05-03 16:29:33,449 - RealEstateAI - INFO - logging_utils - log_info - Function 'detect_anomalies_lof': Starting LOF anomaly detection
2026-05-03 16:29:33,622 - RealEstateAI - INFO - logging_utils - log_info - Function 'detect_anomalies_lof': Found 530 anomalies (5.01%)
2026-05-03 16:29:33,622 - RealEstateAI - INFO - logging_utils - log_info - Function 'detect_overpriced_properties': Detecting overpriced properties
2026-05-03 16:29:35,799 - RealEstateAI - INFO - logging_utils - log_info - Function 'detect_overpriced_properties': Found 259 overpriced properties
2026-05-03 16:29:35,800 - RealEstateAI - INFO - logging_utils - log_info - Function 'detect_underpriced_properties': Detecting underpriced properties
2026-05-03 16:29:37,391 - RealEstateAI - INFO - logging_utils - log_info - Function 'detect_underpriced_properties': Found 58 underpriced properties
2026-05-03 16:29:37,391 - RealEstateAI - INFO - logging_utils - log_info - Function 'detect_suspicious_listings': Detecting suspicious listings
2026-05-03 16:29:37,403 - RealEstateAI - INFO - logging_utils - log_info - Function 'detect_suspicious_listings': Found 268 suspicious listings
2026-05-03 16:29:37,404 - RealEstateAI - INFO - logging_utils - log_info - Function 'detect_anomalies_statistical': Starting statistical anomaly detection
2026-05-03 16:29:37,421 - RealEstateAI - INFO - logging_utils - log_info - Function 'detect_all_anomalies': Combined: 1466 anomalies (13.85%)
2026-05-03 16:29:37,424 - RealEstateAI - INFO - logging_utils - log_info - Function 'calculate_investment_score': Starting investment score calculation
2026-05-03 16:29:37,481 - RealEstateAI - INFO - logging_utils - log_info - Function 'calculate_investment_score': Investment scores calculated. Range: 0.289 - 0.874
2026-05-03 16:29:37,483 - RealEstateAI - INFO - logging_utils - log_info - Function 'create_composite_score': Creating composite score
2026-05-03 16:29:37,483 - RealEstateAI - WARNING - logging_utils - log_warning - Function 'create_composite_score': Missing column: investment_score
2026-05-03 16:29:37,484 - RealEstateAI - WARNING - logging_utils - log_warning - Function 'create_composite_score': Missing column: popularity_score
2026-05-03 16:29:37,484 - RealEstateAI - WARNING - logging_utils - log_warning - Function 'create_composite_score': Missing column: appreciation_score
2026-05-03 16:29:37,485 - RealEstateAI - WARNING - logging_utils - log_warning - Function 'create_composite_score': Missing column: affordability_index
2026-05-03 16:29:37,485 - RealEstateAI - WARNING - logging_utils - log_warning - Function 'create_composite_score': Missing column: risk_score
2026-05-03 16:29:37,501 - RealEstateAI - INFO - logging_utils - log_info - Function 'create_composite_score': Composite scores calculated. Range: 0.500 - 0.500
2026-05-03 16:29:37,502 - RealEstateAI - INFO - logging_utils - log_info - Function 'load_preprocessor': Preprocessor loaded from E:\Jupyter Notebook\IIT Delhi AI Projects\Machine Learning\House Price Prediction\models\preprocessor.pkl
2026-05-03 16:29:37,510 - RealEstateAI - INFO - logging_utils - log_info - Function 'load_model': Anomaly detection model loaded from E:\Jupyter Notebook\IIT Delhi AI Projects\Machine Learning\House Price Prediction\models\anomaly_detector.pkl
2026-05-03 16:29:37,513 - RealEstateAI - INFO - logging_utils - log_info - Function 'load_model': Investment scorer loaded from E:\Jupyter Notebook\IIT Delhi AI Projects\Machine Learning\House Price Prediction\models\investment_scorer.pkl
2026-05-03 16:29:37,553 - RealEstateAI - INFO - logging_utils - log_info - Function 'load_model': Model loaded from E:\Jupyter Notebook\IIT Delhi AI Projects\Machine Learning\House Price Prediction\models\best_model.pkl
